coverage_id,name_suffix,is_test_named,status,grid_axes,grid_extents,band_count,bytes_per_cell,tiling_source,tiling_scheme,declared_tiling,tile_configuration,tile_extents,cells_per_tile,declared_tile_size_bytes,computed_bytes_per_tile,actual_avg_bytes_per_tile,tile_no,total_size_bytes,real_data_bytes,storage_overhead_factor,per_axis_divisibility,blocks_per_axis,axes_with_padding,point_query_tiles,point_query_bytes_read,point_query_amplification,map_query_tiles,map_query_bytes_read,map_query_amplification,suspected_axis_mismatch,mismatch_confidence,mismatch_evidence,suggested_reorder,declared_vs_actual,tiles_sampled,distinct_tile_shapes,partition_homogeneous,modal_tile_shape,observed_block_starts,axes_split_into_blocks,collection_used,collection_resolution,other_collections_found,wcps_domain,wcps_cell_type,wcps_null_values,wcps_vs_describe,dbinfo_array_matches,sdom,base_type,recipe_path,raw_file,note
air_freezing_index_Fdays,none,no,ok,model scenario year X Y,"10,3,150,224,317",1,4,dbinfo (measured),aligned,"ALIGNED [0:*, 0:*, 0:*, 0:*, 0:*] tile size 4194304","[0:*,0:*,0:*,0:*,0:*]","10,3,150,317,224",319536000,4194304,1278144000,3838270.2702702703,333,1278144000,1278144000,1.0,"ok,ok,ok,PAD,PAD","1,1,1,1,2",2,1,1278144000,71008.0,2,2556288000,9000.0,no,,,,n/a (wildcards derived),,,,,,,air_freezing_index_Fdays_2024_12_02_09_49_46_1264,petascopedb pointer,,"[0:9,0:2,0:149,0:223,0:316]",long,-9999.000000,match,yes,"[0:9,0:2,0:149,0:223,0:316]","marray <long,[D0(*:*),D1(*:*),D2(*:*),D3(*:*),D4(*:*)]>",arctic_eds/degree_days/air_freezing_index_Fdays/ingest.json,,sdom disagrees with DescribeCoverage extent; collection name differs from coverage id
air_thawing_index_Fdays,none,no,ok,model scenario year X Y,"10,3,150,224,317",1,4,dbinfo (measured),aligned,"ALIGNED [0:*, 0:*, 0:*, 0:*, 0:*] tile size 4194304","[0:*,0:*,0:*,0:*,0:*]","10,3,150,317,224",319536000,4194304,1278144000,3838270.2702702703,333,1278144000,1278144000,1.0,"ok,ok,ok,PAD,PAD","1,1,1,1,2",2,1,1278144000,71008.0,2,2556288000,9000.0,no,,,,n/a (wildcards derived),,,,,,,air_thawing_index_Fdays,petascopedb pointer,,"[0:9,0:2,0:149,0:223,0:316]",long,-9999.000000,match,yes,"[0:9,0:2,0:149,0:223,0:316]","marray <long,[D0(*:*),D1(*:*),D2(*:*),D3(*:*),D4(*:*)]>",arctic_eds/degree_days/air_thawing_index_Fdays/ingest.json,,sdom disagrees with DescribeCoverage extent
ak_hydro_segments_doy_climatology,none,no,ok,model stream_id doy era,"7,34346,366,2",3,12,dbinfo (measured),regular,"REGULAR [0:6, 0:0, 0:365, 0:1] tile size 1048576","[0:6,0:0,0:365,0:1]","7,1,366,2",5124,1048576,61488,61488.0,34346,2111866848,2111866848,1.0,"ok,ok,ok,ok","1,34346,1,1",0,,,,,,,no,,,,match,,,,,,,ak_hydro_segments_doy_climatology_2026_07_08_16_07_13_5583,petascopedb pointer,,"[0:6,0:34345,0:365,0:1]","doy_min float, doy_mean float, doy_max float",,match,yes,"[0:6,0:34345,0:365,0:1]","marray <struct { float doy_min, float doy_mean, float doy_max },[D0(*:*),D1(*:*),D2(*:*),D3(*:*)]>",ardac/hydroviz/arctic/daily_clim_q_for_rasdaman.json,,collection name differs from coverage id
ak_hydro_segments_doy_climatology_no_spinup,none,no,ok,model stream_id doy era,"7,34346,366,2",3,12,dbinfo (measured),regular,,"[0:6,0:0,0:365,0:1]","7,1,366,2",5124,1048576,61488,61488.0,34346,2111866848,2111866848,1.0,"ok,ok,ok,ok","1,34346,1,1",0,,,,,,,no,,,,,,,,,,,ak_hydro_segments_doy_climatology_no_spinup,petascopedb pointer,,"[0:6,0:34345,0:365,0:1]","doy_min float, doy_mean float, doy_max float",,match,yes,"[0:6,0:34345,0:365,0:1]","marray <struct { float doy_min, float doy_mean, float doy_max },[D0(*:*),D1(*:*),D2(*:*),D3(*:*)]>",,,
ak_hydro_segments_doy_wt_climatology,none,no,ok,model stream_id doy era,"7,34208,366,2",3,12,dbinfo (measured),regular,"REGULAR [0:6, 0:0, 0:365, 0:1] tile size 1048576","[0:6,0:0,0:365,0:1]","7,1,366,2",5124,1048576,61488,61488.0,34208,2103381504,2103381504,1.0,"ok,ok,ok,ok","1,34208,1,1",0,,,,,,,no,,,,match,,,,,,,ak_hydro_segments_doy_wt_climatology,petascopedb pointer,,"[0:6,0:34207,0:365,0:1]","doy_min float, doy_mean float, doy_max float",,match,yes,"[0:6,0:34207,0:365,0:1]","marray <struct { float doy_min, float doy_mean, float doy_max },[D0(*:*),D1(*:*),D2(*:*),D3(*:*)]>",ardac/hydroviz/arctic/daily_clim_wt_for_rasdaman.json,,
ak_hydro_segments_mhit_stats_combined,none,no,ok,source era model stream_id,"7,3,7,34346",53,212,dbinfo (measured),regular,"REGULAR [0:6, 0:2, 0:0, 0:1] tile size 1048576","[0:6,0:2,0:0,0:1]","7,3,1,2",42,1048576,8904,8904.0,120211,1070358744,1070358744,1.0,"ok,ok,ok,ok","1,1,7,17173",0,,,,,,,no,,,,match,,,,,,,ak_hydro_segments_mhit_stats_combined,petascopedb pointer,,"[0:6,0:2,0:6,0:34345]","ma3 float, ma4 float, ma12 float, ma13 float, ma14 float, ma15 float, ma16 float, ma17 float, ma18 float, ma19 float, ma20 float, ma21 float, ma22 float, ma23 float, ma99 float, mh14 float, mh20 float, ml17 float, spr_mag float, sum_cv float, sum_mag float, dh1 float, dh2 float, dh3 float, dh4 float, dh5 float, dh15 float, dl1 float, dl2 float, dl3 float, dl4 float, dl5 float, dl16 float, lf1 float, spr_dur3 float, spr_dur7 float, sum_dur3 float, sum_dur7 float, fh1 float, fh5 float, fh6 float, fh7 float, fl1 float, fl3 float, spr_freq float, sum_freq float, ra1 float, ra3 float, ra8 float, th1 float, tl1 float, spr_ord float, sum_ord float",,DIFFERS,yes,"[0:6,0:2,0:6,0:34345]","marray <struct { float ma3, float ma4, float ma12, float ma13, float ma14, float ma15, float ma16, float ma17, float ma18, float ma19, float ma20, float ma21, float ma22, float ma23, float ma99, float mh14, float mh20, float ml17, float spr_mag, float sum_cv, float sum_mag, float dh1, float dh2, float dh3, float dh4, float dh5, float dh15, float dl1, float dl2, float dl3, float dl4, float dl5, float dl16, float lf1, float spr_dur3, float spr_dur7, float sum_dur3, float sum_dur7, float fh1, float fh5, float fh6, float fh7, float fl1, float fl3, float spr_freq, float sum_freq, float ra1, float ra3, float ra8, float th1, float tl1, float spr_ord, float sum_ord },[D0(*:*),D1(*:*),D2(*:*),D3(*:*)]>",ardac/hydroviz/arctic/stats_mhit.json,,sdom disagrees with DescribeCoverage extent
ak_hydro_segments_mhit_stats_combined_blaskey,none,no,ok,source era model stream_id,"7,3,7,34346",53,212,dbinfo (measured),regular,,"[0:6,0:2,0:0,0:1]","7,3,1,2",42,1048576,8904,8904.0,120211,1070358744,1070358744,1.0,"ok,ok,ok,ok","1,1,7,17173",0,,,,,,,no,,,,,,,,,,,ak_hydro_segments_mhit_stats_combined_blaskey,petascopedb pointer,,"[0:6,0:2,0:6,0:34345]","ma3 float, ma4 float, ma12 float, ma13 float, ma14 float, ma15 float, ma16 float, ma17 float, ma18 float, ma19 float, ma20 float, ma21 float, ma22 float, ma23 float, ma99 float, mh14 float, mh20 float, ml17 float, spr_mag float, sum_cv float, sum_mag float, dh1 float, dh2 float, dh3 float, dh4 float, dh5 float, dh15 float, dl1 float, dl2 float, dl3 float, dl4 float, dl5 float, dl16 float, lf1 float, spr_dur3 float, spr_dur7 float, sum_dur3 float, sum_dur7 float, fh1 float, fh5 float, fh6 float, fh7 float, fl1 float, fl3 float, spr_freq float, sum_freq float, ra1 float, ra3 float, ra8 float, th1 float, tl1 float, spr_ord float, sum_ord float",,DIFFERS,yes,"[0:6,0:2,0:6,0:34345]","marray <struct { float ma3, float ma4, float ma12, float ma13, float ma14, float ma15, float ma16, float ma17, float ma18, float ma19, float ma20, float ma21, float ma22, float ma23, float ma99, float mh14, float mh20, float ml17, float spr_mag, float sum_cv, float sum_mag, float dh1, float dh2, float dh3, float dh4, float dh5, float dh15, float dl1, float dl2, float dl3, float dl4, float dl5, float dl16, float lf1, float spr_dur3, float spr_dur7, float sum_dur3, float sum_dur7, float fh1, float fh5, float fh6, float fh7, float fl1, float fl3, float spr_freq, float sum_freq, float ra1, float ra3, float ra8, float th1, float tl1, float spr_ord, float sum_ord },[D0(*:*),D1(*:*),D2(*:*),D3(*:*)]>",,,sdom disagrees with DescribeCoverage extent
ak_hydro_segments_stats,none,no,ok,model stream_id era,"7,34346,2",12,48,dbinfo (measured),regular,,"[0:6,0:0,0:1]","7,1,2",14,1048576,672,672.0,34346,23080512,23080512,1.0,"ok,ok,ok","1,34346,1",0,,,,,,,no,,,,,,,,,,,ak_hydro_segments_stats,petascopedb pointer,,"[0:6,0:34345,0:1]","ma12 float, ma13 float, ma14 float, ma15 float, ma16 float, ma17 float, ma18 float, ma19 float, ma20 float, ma21 float, ma22 float, ma23 float",,match,yes,"[0:6,0:34345,0:1]","marray <struct { float ma12, float ma13, float ma14, float ma15, float ma16, float ma17, float ma18, float ma19, float ma20, float ma21, float ma22, float ma23 },[D0(*:*),D1(*:*),D2(*:*)]>",,,
ak_hydro_segments_stats_combined,none,no,ok,source era model stream_id,"7,3,7,34346",13,52,dbinfo (measured),regular,"REGULAR [0:6, 0:2, 0:0, 0:1] tile size 1048576","[0:6,0:2,0:0,0:1]","7,3,1,2",42,1048576,2184,2184.0,120211,262540824,262540824,1.0,"ok,ok,ok,ok","1,1,7,17173",0,,,,,,,no,,,,match,,,,,,,ak_hydro_segments_stats_combined,petascopedb pointer,,"[0:6,0:2,0:6,0:34345]","ma12 float, ma13 float, ma14 float, ma15 float, ma16 float, ma17 float, ma18 float, ma19 float, ma20 float, ma21 float, ma22 float, ma23 float, ma99 float",,DIFFERS,yes,"[0:6,0:2,0:6,0:34345]","marray <struct { float ma12, float ma13, float ma14, float ma15, float ma16, float ma17, float ma18, float ma19, float ma20, float ma21, float ma22, float ma23, float ma99 },[D0(*:*),D1(*:*),D2(*:*),D3(*:*)]>",ardac/hydroviz/arctic/stats_q_for_rasdaman.json,,sdom disagrees with DescribeCoverage extent
ak_hydro_segments_wt_stats,none,no,ok,source era model stream_id,"7,3,7,34208",44,176,dbinfo (measured),regular,"REGULAR [0:6, 0:2, 0:0, 0:1] tile size 1048576","[0:6,0:2,0:0,0:1]","7,3,1,2",42,1048576,7392,7392.0,119728,885029376,885029376,1.0,"ok,ok,ok,ok","1,1,7,17104",0,,,,,,,no,,,,match,,,,,,,ak_hydro_segments_wt_stats,petascopedb pointer,,"[0:6,0:2,0:6,0:34207]","wt_days_gt13_mean float, wt_days_gt18_mean float, wt_days_gt20_mean float, wt_mean_jan float, wt_mean_feb float, wt_mean_mar float, wt_mean_apr float, wt_mean_may float, wt_mean_jun float, wt_mean_jul float, wt_mean_aug float, wt_mean_sep float, wt_mean_oct float, wt_mean_nov float, wt_mean_dec float, wt_min_jan float, wt_min_feb float, wt_min_mar float, wt_min_apr float, wt_min_may float, wt_min_jun float, wt_min_jul float, wt_min_aug float, wt_min_sep float, wt_min_oct float, wt_min_nov float, wt_min_dec float, wt_max_jan float, wt_max_feb float, wt_max_mar float, wt_max_apr float, wt_max_may float, wt_max_jun float, wt_max_jul float, wt_max_aug float, wt_max_sep float, wt_max_oct float, wt_max_nov float, wt_max_dec float, wt_ann_max_temp_mean float, wt_ann_max_temp_doy_mean float, wt_7d_max_temp_mean float, wt_7d_max_temp_doy_mean float, wt_cdd_may_sept_mean float",,DIFFERS,yes,"[0:6,0:2,0:6,0:34207]","marray <struct { float wt_days_gt13_mean, float wt_days_gt18_mean, float wt_days_gt20_mean, float wt_mean_jan, float wt_mean_feb, float wt_mean_mar, float wt_mean_apr, float wt_mean_may, float wt_mean_jun, float wt_mean_jul, float wt_mean_aug, float wt_mean_sep, float wt_mean_oct, float wt_mean_nov, float wt_mean_dec, float wt_min_jan, float wt_min_feb, float wt_min_mar, float wt_min_apr, float wt_min_may, float wt_min_jun, float wt_min_jul, float wt_min_aug, float wt_min_sep, float wt_min_oct, float wt_min_nov, float wt_min_dec, float wt_max_jan, float wt_max_feb, float wt_max_mar, float wt_max_apr, float wt_max_may, float wt_max_jun, float wt_max_jul, float wt_max_aug, float wt_max_sep, float wt_max_oct, float wt_max_nov, float wt_max_dec, float wt_ann_max_temp_mean, float wt_ann_max_temp_doy_mean, float wt_7d_max_temp_mean, float wt_7d_max_temp_doy_mean, float wt_cdd_may_sept_mean },[D0(*:*),D1(*:*),D2(*:*),D3(*:*)]>",ardac/hydroviz/arctic/wt_stats_for_rasdaman.json,,sdom disagrees with DescribeCoverage extent
ak_hydro_segments_wt_stats_blaskey,none,no,ok,source era model stream_id,"7,3,7,34208",44,176,dbinfo (measured),regular,,"[0:6,0:2,0:0,0:1]","7,3,1,2",42,1048576,7392,7392.0,119728,885029376,885029376,1.0,"ok,ok,ok,ok","1,1,7,17104",0,,,,,,,no,,,,,,,,,,,ak_hydro_segments_wt_stats_blaskey,petascopedb pointer,,"[0:6,0:2,0:6,0:34207]","wt_days_gt13_mean float, wt_days_gt18_mean float, wt_days_gt20_mean float, wt_mean_jan float, wt_mean_feb float, wt_mean_mar float, wt_mean_apr float, wt_mean_may float, wt_mean_jun float, wt_mean_jul float, wt_mean_aug float, wt_mean_sep float, wt_mean_oct float, wt_mean_nov float, wt_mean_dec float, wt_min_jan float, wt_min_feb float, wt_min_mar float, wt_min_apr float, wt_min_may float, wt_min_jun float, wt_min_jul float, wt_min_aug float, wt_min_sep float, wt_min_oct float, wt_min_nov float, wt_min_dec float, wt_max_jan float, wt_max_feb float, wt_max_mar float, wt_max_apr float, wt_max_may float, wt_max_jun float, wt_max_jul float, wt_max_aug float, wt_max_sep float, wt_max_oct float, wt_max_nov float, wt_max_dec float, wt_ann_max_temp_mean float, wt_ann_max_temp_doy_mean float, wt_7d_max_temp_mean float, wt_7d_max_temp_doy_mean float, wt_cdd_may_sept_mean float",,DIFFERS,yes,"[0:6,0:2,0:6,0:34207]","marray <struct { float wt_days_gt13_mean, float wt_days_gt18_mean, float wt_days_gt20_mean, float wt_mean_jan, float wt_mean_feb, float wt_mean_mar, float wt_mean_apr, float wt_mean_may, float wt_mean_jun, float wt_mean_jul, float wt_mean_aug, float wt_mean_sep, float wt_mean_oct, float wt_mean_nov, float wt_mean_dec, float wt_min_jan, float wt_min_feb, float wt_min_mar, float wt_min_apr, float wt_min_may, float wt_min_jun, float wt_min_jul, float wt_min_aug, float wt_min_sep, float wt_min_oct, float wt_min_nov, float wt_min_dec, float wt_max_jan, float wt_max_feb, float wt_max_mar, float wt_max_apr, float wt_max_may, float wt_max_jun, float wt_max_jul, float wt_max_aug, float wt_max_sep, float wt_max_oct, float wt_max_nov, float wt_max_dec, float wt_ann_max_temp_mean, float wt_ann_max_temp_doy_mean, float wt_7d_max_temp_mean, float wt_7d_max_temp_doy_mean, float wt_cdd_may_sept_mean },[D0(*:*),D1(*:*),D2(*:*),D3(*:*)]>",,,sdom disagrees with DescribeCoverage extent
alfresco_relative_flammability_30yr,none,no,ok,era model scenario X Y,"5,7,4,3650,2100",1,4,dbinfo (measured),aligned,,"[0:0,0:0,0:0,0:65535,0:16]","1,1,1,65536,17",1114112,4456448,4456448,245130.85383381008,14333,3513460528,4292400000,0.8185,"ok,ok,ok,PAD,PAD","5,7,4,1,124",2,140,623902720,1114112.0,124,552599552,18.0,n/a (default tiling),,,,,,,,,,,alfresco_relative_flammability_30yr,petascopedb pointer,,"[0:4,0:6,0:3,0:3649,0:2099]",float,-9999.000000,match,yes,"[0:4,0:6,0:3,0:3649,0:2099]","marray <float,[D0(*:*),D1(*:*),D2(*:*),D3(*:*),D4(*:*)]>",iem/alfresco/relative_flammability/ingest.json,,
alfresco_vegetation_mode_statistic,none,no,ok,era model scenario X Y,"4,6,4,3650,2100",1,4,dbinfo (measured),aligned,,"[0:0,0:0,0:0,0:65535,0:16]","1,1,1,65536,17",1114112,4456448,4456448,244578.82312982934,11777,2880404800,2943360000,0.9786,"ok,ok,ok,PAD,PAD","4,6,4,1,124",2,96,427819008,1114112.0,124,552599552,18.0,n/a (default tiling),,,,,,,,,,,alfresco_vegetation_mode_statistic,petascopedb pointer,,"[0:3,0:5,0:3,0:3649,0:2099]",float,-9999.000000,match,yes,"[0:3,0:5,0:3,0:3649,0:2099]","marray <float,[D0(*:*),D1(*:*),D2(*:*),D3(*:*),D4(*:*)]>",iem/alfresco/mode_vegetation_type/ingest.json,,
alfresco_vegetation_type_percentage,none,no,ok,era model scenario veg_type X Y,"4,6,4,9,3650,2100",1,4,dbinfo (measured),aligned,,"[0:0,0:0,0:0,0:0,0:65535,0:16]","1,1,1,1,65536,17",1114112,4456448,4456448,247120.13095117657,98846,24426836464,26490240000,0.9221,"ok,ok,ok,ok,PAD,PAD","4,6,4,9,1,124",2,864,3850371072,1114112.0,124,552599552,18.0,n/a (default tiling),,,,,,,,,,,alfresco_vegetation_type_percentage,petascopedb pointer,,"[0:3,0:5,0:3,0:8,0:3649,0:2099]",float,-9999.000000,match,yes,"[0:3,0:5,0:3,0:8,0:3649,0:2099]","marray <float,[D0(*:*),D1(*:*),D2(*:*),D3(*:*),D4(*:*),D5(*:*)]>",iem/alfresco/vegetation_type_pct/ingest.json,,
annual_mean_temp,none,no,ok,model scenario year X Y,"7,200,4,1849,999",1,4,dbinfo (measured),aligned,,"[0:0,0:0,0:0,0:44099,0:23]","1,1,1,44100,24",1058400,4233600,4233600,175855.16041772798,78520,13808147196,41376182400,0.3337,"ok,ok,ok,PAD,PAD","7,200,4,1,42",2,5600,23708160000,1058400.0,42,177811200,24.1,n/a (default tiling),,,,,,,,,,,annual_mean_temp,petascopedb pointer,,"[0:6,0:199,0:3,0:1848,0:998]",float,-9999.000000,match,yes,"[0:6,0:199,0:3,0:1848,0:998]","marray <float,[D0(*:*),D1(*:*),D2(*:*),D3(*:*),D4(*:*)]>",arctic_eds/annual_mean_tas/hook_ingest.json,,sdom disagrees with DescribeCoverage extent
annual_precip_totals_mm,none,no,ok,model scenario year X Y,"7,200,4,1880,1079",1,4,dbinfo (measured),aligned,,"[0:0,0:0,0:0,0:44399,0:23]","1,1,1,44400,24",1065600,4262400,4262400,180215.62674857434,83997,15137572000,45438848000,0.3331,"ok,ok,ok,PAD,PAD","7,200,4,1,45",2,5600,23869440000,1065600.0,45,191808000,23.6,n/a (default tiling),,,,,,,,,,,annual_precip_totals_mm,petascopedb pointer,,"[0:6,0:199,0:3,0:1879,0:1078]",float,-9999.000000,match,yes,"[0:6,0:199,0:3,0:1879,0:1078]","marray <float,[D0(*:*),D1(*:*),D2(*:*),D3(*:*),D4(*:*)]>",arctic_eds/annual_mean_pr/hook_ingest.json,,sdom disagrees with DescribeCoverage extent
ardac_beaufort_daily_slie,none,no,ok,ansi X Y,"7797,3300,9556",1,2,dbinfo (measured),aligned,"ALIGNED [0:*, 0:*, 0:*] tile size 4194304","[0:*,0:*,0:*]","7797,9556,3300",245876835600,4194304,491753671200,3941802.4352286756,124762,491787155424,491753671200,1.0001,"ok,PAD,PAD","1,1,3",2,1,491753671200,31534800.0,3,1475261013600,23391.0,no,,,,n/a (wildcards derived),,,,,,,ardac_beaufort_daily_slie,petascopedb pointer,,"[0:7796,0:3299,0:9555]",short,111.000000,match,yes,"[0:7796,0:3299,0:9555]","marray <short,[D0(*:*),D1(*:*),D2(*:*)]>",ardac/landfast_sea_ice_beaufort_daily/ingest.json,,sdom disagrees with DescribeCoverage extent
ardac_beaufort_daily_slie_wcs,wcs,no,ok,ansi X Y,"7797,3300,9556",1,2,dbinfo (measured),aligned,"ALIGNED [0:8091, 0:31, 0:31] tile size 16777216","[0:8091,0:31,0:31]","8092,32,32",8286208,16777216,16572416,574685.5192170003,1663449,955960052256,491753671200,1.944,"PAD,PAD,PAD","1,104,299",3,1,16572416,1062.7,31096,515335847936,8170.9,yes,medium,chunk 8092 exceeds 'ansi' (extent 7797),,match,,,,,,,ardac_beaufort_daily_slie_wcs,petascopedb pointer,,"[0:7796,0:3299,0:9555]",short,111.000000,match,yes,"[0:7796,0:3299,0:9555]","marray <short,[D0(*:*),D1(*:*),D2(*:*)]>",ardac/landfast_sea_ice_beaufort_daily/ingest_wcs_only.json,,sdom disagrees with DescribeCoverage extent
ardac_beaufort_landfast_sea_ice_mmm,none,no,ok,month era X Y,"10,3,9556,3300",1,1,dbinfo (measured),aligned,,"[0:0,0:0,0:3499,0:1199]","1,1,3500,1200",4200000,4200000,4200000,3452715.3284671535,274,946044000,946044000,1.0,"ok,ok,PAD,PAD","10,3,3,3",2,30,126000000,4200000.0,9,37800000,1.2,n/a (default tiling),,,,,,,,,,,ardac_beaufort_landfast_sea_ice_mmm,petascopedb pointer,,"[0:9,0:2,0:9555,0:3299]",char,,match,yes,"[0:9,0:2,0:9555,0:3299]","marray <char,[D0(*:*),D1(*:*),D2(*:*),D3(*:*)]>",ardac/beaufort_landfast_sea_ice_mmm/ingest.json,,
ardac_chukchi_daily_slie,none,no,ok,ansi X Y,"7668,6272,6235",1,2,dbinfo (measured),aligned,"ALIGNED [0:*, 0:*, 0:*] tile size 4194304","[0:*,0:*,0:*]","7668,6235,6272",299864194560,4194304,599728389120,4116357.133757962,145696,599736768960,599728389120,1.0,"ok,PAD,PAD","1,2,1",2,1,599728389120,39105920.0,2,1199456778240,15336.0,no,,,,n/a (wildcards derived),,,,,,,ardac_chukchi_daily_slie,petascopedb pointer,,"[0:7667,0:6271,0:6234]",short,111.000000,match,yes,"[0:7667,0:6271,0:6234]","marray <short,[D0(*:*),D1(*:*),D2(*:*)]>",ardac/landfast_sea_ice_chukchi_daily/ingest.json,,sdom disagrees with DescribeCoverage extent
ardac_chukchi_daily_slie_wcs,wcs,no,ok,ansi X Y,"7668,6272,6235",1,2,dbinfo (measured),aligned,"ALIGNED [0:8091, 0:31, 0:31] tile size 16777216","[0:8091,0:31,0:31]","8092,32,32",8286208,16777216,16572416,567615.6845467536,2044043,1160230866688,599728389120,1.9346,"PAD,ok,PAD","1,196,195",2,1,16572416,1080.6,38220,633397739520,8098.5,yes,medium,chunk 8092 exceeds 'ansi' (extent 7668),,match,,,,,,,ardac_chukchi_daily_slie_wcs,petascopedb pointer,,"[0:7667,0:6271,0:6234]",short,111.000000,match,yes,"[0:7667,0:6271,0:6234]","marray <short,[D0(*:*),D1(*:*),D2(*:*)]>",ardac/landfast_sea_ice_chukchi_daily/ingest_wcs_only.json,,sdom disagrees with DescribeCoverage extent
ardac_chukchi_landfast_sea_ice_mmm,none,no,ok,month era X Y,"10,3,6235,6272",1,1,dbinfo (measured),aligned,,"[0:0,0:0,0:2047,0:2099]","1,1,2048,2100",4300800,4300800,4300800,3248218.4155124654,361,1172606848,1173177600,0.9995,"ok,ok,PAD,PAD","10,3,4,3",2,30,129024000,4300800.0,12,51609600,1.3,n/a (default tiling),,,,,,,,,,,ardac_chukchi_landfast_sea_ice_mmm,petascopedb pointer,,"[0:9,0:2,0:6234,0:6271]",char,,match,yes,"[0:9,0:2,0:6234,0:6271]","marray <char,[D0(*:*),D1(*:*),D2(*:*),D3(*:*)]>",ardac/chukchi_landfast_sea_ice_mmm/ingest.json,,
beetle_risk,none,no,ok,era model scenario snowpack X Y,"4,5,3,2,274,163",1,1,dbinfo (measured),aligned,,"[0:0,0:0,0:0,0:0,0:6299,0:699]","1,1,1,1,6300,700",4410000,4410000,4410000,42944.230769230766,52,2233100,5359440,0.4167,"ok,ok,ok,ok,PAD,PAD","4,5,3,2,1,1",2,120,529200000,4410000.0,1,4410000,98.7,n/a (default tiling),,,,,,,,,,,beetle_risk,petascopedb pointer,,"[0:3,0:4,0:2,0:1,0:273,0:162]",char,0.000000,match,yes,"[0:3,0:4,0:2,0:1,0:273,0:162]","marray <char,[D0(*:*),D1(*:*),D2(*:*),D3(*:*),D4(*:*),D5(*:*)]>",beetles/ingest.json,,
berkeley_earth_25,none,no,ok,time lat lon,"2096,308,464",1,4,dbinfo (measured),aligned,,"[0:1,0:599,0:911]","2,600,912",1094400,4377600,4377600,1140032.5480494767,1051,1198174208,1198174208,1.0,"ok,PAD,PAD","1048,1,1",2,1048,4587724800,547200.0,1,4377600,7.7,no,,,,,,,,,,,berkeley_earth_25,petascopedb pointer,,"[0:2095,0:307,0:463]",float,-9999.000000,match,yes,"[0:2095,0:307,0:463]","marray <float,[D0(*:*),D1(*:*),D2(*:*)]>",,,
cmip6_bui,none,no,ok,model time lat lon,"5,25680,178,569",1,4,dbinfo (measured),aligned,"ALIGNED [0:4, 0:*, 0:1, 0:1] tile size 1643456","[0:4,0:*,0:1,0:1]","5,25680,2,2",513600,1643456,2054400,659398.7796223812,266724,175877480096,52018435200,3.3811,"ok,ok,ok,PAD","1,1,89,285",1,1,2054400,4.0,25365,52109856000,128625.7,no,,,,n/a (wildcards derived),,,,,,,cmip6_bui_2026_05_01_10_44_58_2744,petascopedb pointer,,"[0:4,0:25679,0:177,0:568]",float,nan:nan,match,yes,"[0:4,0:25679,0:177,0:568]","marray <float,[D0(*:*),D1(*:*),D2(*:*),D3(*:*)]>",ardac/cmip6_fwi/ingest_bui.json,,collection name differs from coverage id
cmip6_dc,none,no,ok,model time lat lon,"5,25680,178,569",1,4,dbinfo (measured),aligned,"ALIGNED [0:4, 0:*, 0:1, 0:1] tile size 1643456","[0:4,0:*,0:1,0:1]","5,25680,2,2",513600,1643456,2054400,659398.7796223812,266724,175877480096,52018435200,3.3811,"ok,ok,ok,PAD","1,1,89,285",1,1,2054400,4.0,25365,52109856000,128625.7,no,,,,n/a (wildcards derived),,,,,,,cmip6_dc,petascopedb pointer,,"[0:4,0:25679,0:177,0:568]",float,nan:nan,match,yes,"[0:4,0:25679,0:177,0:568]","marray <float,[D0(*:*),D1(*:*),D2(*:*),D3(*:*)]>",ardac/cmip6_fwi/ingest_dc.json,,
cmip6_dmc,none,no,ok,model time lat lon,"5,25680,178,569",1,4,dbinfo (measured),aligned,"ALIGNED [0:4, 0:*, 0:1, 0:1] tile size 1643456","[0:4,0:*,0:1,0:1]","5,25680,2,2",513600,1643456,2054400,659398.7796223812,266724,175877480096,52018435200,3.3811,"ok,ok,ok,PAD","1,1,89,285",1,1,2054400,4.0,25365,52109856000,128625.7,no,,,,n/a (wildcards derived),,,,,,,cmip6_dmc,petascopedb pointer,,"[0:4,0:25679,0:177,0:568]",float,nan:nan,match,yes,"[0:4,0:25679,0:177,0:568]","marray <float,[D0(*:*),D1(*:*),D2(*:*),D3(*:*)]>",ardac/cmip6_fwi/ingest_dmc.json,,
cmip6_downscaled_pr_7ModelAvg_historical_v2_wcs,wcs,no,ok,ansi X Y,"18250,443,460",1,4,dbinfo (measured),aligned,"ALIGNED [0:*, 0:31, 0:31] tile size 16777216","[0:*,0:31,0:31]","18250,32,32",18688000,16777216,74752000,12267172.477905074,1222,14990484768,14875940000,1.0077,"ok,PAD,PAD","1,14,15",2,1,74752000,1024.0,210,15697920000,19258.4,no,,,,n/a (wildcards derived),,,,,,,cmip6_downscaled_pr_7ModelAvg_historical_wcs_v2,petascopedb pointer,,"[0:18249,0:442,0:459]",float,-9999.000000,match,yes,"[0:18249,0:442,0:459]","marray <float,[D0(*:*),D1(*:*),D2(*:*)]>",ardac/cmip6_downscaled/wcs_ingest_scripts/pr_7ModelAvg_historical_adjusted.json,,collection name differs from coverage id
cmip6_downscaled_pr_7ModelAvg_ssp126_v2_wcs,wcs,no,ok,ansi X Y,"31390,443,460",1,4,dbinfo (measured),aligned,"ALIGNED [0:*, 0:31, 0:31] tile size 16777216","[0:*,0:31,0:31]","31390,32,32",32143360,16777216,128573440,13196210.503067484,1956,25811787744,25586616800,1.0088,"ok,PAD,PAD","1,14,15",2,1,128573440,1024.0,210,27000422400,33124.5,no,,,,n/a (wildcards derived),,,,,,,cmip6_downscaled_pr_7ModelAvg_ssp126_wcs_v2,petascopedb pointer,,"[0:31389,0:442,0:459]",float,-9999.000000,match,yes,"[0:31389,0:442,0:459]","marray <float,[D0(*:*),D1(*:*),D2(*:*)]>",ardac/cmip6_downscaled/wcs_ingest_scripts/pr_7ModelAvg_ssp126_adjusted.json,,collection name differs from coverage id
cmip6_downscaled_pr_7ModelAvg_ssp245_v2_wcs,wcs,no,ok,ansi X Y,"31390,443,460",1,4,dbinfo (measured),aligned,"ALIGNED [0:*, 0:31, 0:31] tile size 16777216","[0:*,0:31,0:31]","31390,32,32",32143360,16777216,128573440,13196210.503067484,1956,25811787744,25586616800,1.0088,"ok,PAD,PAD","1,14,15",2,1,128573440,1024.0,210,27000422400,33124.5,no,,,,n/a (wildcards derived),,,,,,,cmip6_downscaled_pr_7ModelAvg_ssp245_wcs_v2,petascopedb pointer,,"[0:31389,0:442,0:459]",float,-9999.000000,match,yes,"[0:31389,0:442,0:459]","marray <float,[D0(*:*),D1(*:*),D2(*:*)]>",ardac/cmip6_downscaled/wcs_ingest_scripts/pr_7ModelAvg_ssp245_adjusted.json,,collection name differs from coverage id
cmip6_downscaled_pr_7ModelAvg_ssp370_v2_wcs,wcs,no,ok,ansi X Y,"31390,443,460",1,4,dbinfo (measured),aligned,"ALIGNED [0:*, 0:31, 0:31] tile size 16777216","[0:*,0:31,0:31]","31390,32,32",32143360,16777216,128573440,13196210.503067484,1956,25811787744,25586616800,1.0088,"ok,PAD,PAD","1,14,15",2,1,128573440,1024.0,210,27000422400,33124.5,no,,,,n/a (wildcards derived),,,,,,,cmip6_downscaled_pr_7ModelAvg_ssp370_wcs_v2,petascopedb pointer,,"[0:31389,0:442,0:459]",float,-9999.000000,match,yes,"[0:31389,0:442,0:459]","marray <float,[D0(*:*),D1(*:*),D2(*:*)]>",ardac/cmip6_downscaled/wcs_ingest_scripts/pr_7ModelAvg_ssp370_adjusted.json,,collection name differs from coverage id
cmip6_downscaled_pr_7ModelAvg_ssp585_v2_wcs,wcs,no,ok,ansi X Y,"31390,443,460",1,4,dbinfo (measured),aligned,"ALIGNED [0:*, 0:31, 0:31] tile size 16777216","[0:*,0:31,0:31]","31390,32,32",32143360,16777216,128573440,13196210.503067484,1956,25811787744,25586616800,1.0088,"ok,PAD,PAD","1,14,15",2,1,128573440,1024.0,210,27000422400,33124.5,no,,,,n/a (wildcards derived),,,,,,,cmip6_downscaled_pr_7ModelAvg_ssp585_wcs_v2,petascopedb pointer,,"[0:31389,0:442,0:459]",float,-9999.000000,match,yes,"[0:31389,0:442,0:459]","marray <float,[D0(*:*),D1(*:*),D2(*:*)]>",ardac/cmip6_downscaled/wcs_ingest_scripts/pr_7ModelAvg_ssp585_adjusted.json,,collection name differs from coverage id
cmip6_downscaled_pr_CESM2_historical_v2_wcs,wcs,no,ok,ansi X Y,"18250,443,460",1,4,dbinfo (measured),aligned,"ALIGNED [0:*, 0:31, 0:31] tile size 16777216","[0:*,0:31,0:31]","18250,32,32",18688000,16777216,74752000,12267172.477905074,1222,14990484768,14875940000,1.0077,"ok,PAD,PAD","1,14,15",2,1,74752000,1024.0,210,15697920000,19258.4,no,,,,n/a (wildcards derived),,,,,,,cmip6_downscaled_pr_CESM2_historical_wcs_v2,petascopedb pointer,,"[0:18249,0:442,0:459]",float,-9999.000000,match,yes,"[0:18249,0:442,0:459]","marray <float,[D0(*:*),D1(*:*),D2(*:*)]>",ardac/cmip6_downscaled/wcs_ingest_scripts/pr_CESM2_historical_adjusted.json,,collection name differs from coverage id
cmip6_downscaled_pr_CESM2_ssp126_v2_wcs,wcs,no,ok,ansi X Y,"31390,443,460",1,4,dbinfo (measured),aligned,"ALIGNED [0:*, 0:31, 0:31] tile size 16777216","[0:*,0:31,0:31]","31390,32,32",32143360,16777216,128573440,13196210.503067484,1956,25811787744,25586616800,1.0088,"ok,PAD,PAD","1,14,15",2,1,128573440,1024.0,210,27000422400,33124.5,no,,,,n/a (wildcards derived),,,,,,,cmip6_downscaled_pr_CESM2_ssp126_wcs_v2,petascopedb pointer,,"[0:31389,0:442,0:459]",float,-9999.000000,match,yes,"[0:31389,0:442,0:459]","marray <float,[D0(*:*),D1(*:*),D2(*:*)]>",ardac/cmip6_downscaled/wcs_ingest_scripts/pr_CESM2_ssp126_adjusted.json,,collection name differs from coverage id
cmip6_downscaled_pr_CESM2_ssp245_v2_wcs,wcs,no,ok,ansi X Y,"31390,443,460",1,4,dbinfo (measured),aligned,"ALIGNED [0:*, 0:31, 0:31] tile size 16777216","[0:*,0:31,0:31]","31390,32,32",32143360,16777216,128573440,13196210.503067484,1956,25811787744,25586616800,1.0088,"ok,PAD,PAD","1,14,15",2,1,128573440,1024.0,210,27000422400,33124.5,no,,,,n/a (wildcards derived),,,,,,,cmip6_downscaled_pr_CESM2_ssp245_wcs_v2,petascopedb pointer,,"[0:31389,0:442,0:459]",float,-9999.000000,match,yes,"[0:31389,0:442,0:459]","marray <float,[D0(*:*),D1(*:*),D2(*:*)]>",ardac/cmip6_downscaled/wcs_ingest_scripts/pr_CESM2_ssp245_adjusted.json,,collection name differs from coverage id
cmip6_downscaled_pr_CESM2_ssp370_v2_wcs,wcs,no,ok,ansi X Y,"31390,443,460",1,4,dbinfo (measured),aligned,"ALIGNED [0:*, 0:31, 0:31] tile size 16777216","[0:*,0:31,0:31]","31390,32,32",32143360,16777216,128573440,13196210.503067484,1956,25811787744,25586616800,1.0088,"ok,PAD,PAD","1,14,15",2,1,128573440,1024.0,210,27000422400,33124.5,no,,,,n/a (wildcards derived),,,,,,,cmip6_downscaled_pr_CESM2_ssp370_wcs_v2,petascopedb pointer,,"[0:31389,0:442,0:459]",float,-9999.000000,match,yes,"[0:31389,0:442,0:459]","marray <float,[D0(*:*),D1(*:*),D2(*:*)]>",ardac/cmip6_downscaled/wcs_ingest_scripts/pr_CESM2_ssp370_adjusted.json,,collection name differs from coverage id
cmip6_downscaled_pr_CESM2_ssp585_v2_wcs,wcs,no,ok,ansi X Y,"31390,443,460",1,4,dbinfo (measured),aligned,"ALIGNED [0:*, 0:31, 0:31] tile size 16777216","[0:*,0:31,0:31]","31390,32,32",32143360,16777216,128573440,13196210.503067484,1956,25811787744,25586616800,1.0088,"ok,PAD,PAD","1,14,15",2,1,128573440,1024.0,210,27000422400,33124.5,no,,,,n/a (wildcards derived),,,,,,,cmip6_downscaled_pr_CESM2_ssp585_wcs_v2,petascopedb pointer,,"[0:31389,0:442,0:459]",float,-9999.000000,match,yes,"[0:31389,0:442,0:459]","marray <float,[D0(*:*),D1(*:*),D2(*:*)]>",ardac/cmip6_downscaled/wcs_ingest_scripts/pr_CESM2_ssp585_adjusted.json,,collection name differs from coverage id
cmip6_downscaled_pr_CNRM_CM6_1_HR_historical_v2_wcs,wcs,no,ok,ansi X Y,"18250,443,460",1,4,dbinfo (measured),aligned,"ALIGNED [0:*, 0:31, 0:31] tile size 16777216","[0:*,0:31,0:31]","1,32,32",1024,16777216,4096,12267172.477905074,1222,14990484768,14875940000,1.0077,"ok,PAD,PAD","18250,14,15",2,18250,74752000,1024.0,210,860160,1.1,no,,,,n/a (wildcards derived),,,,,,,cmip6_downscaled_pr_CNRM_CM6_1_HR_historical_wcs_v2,petascopedb pointer,,"[0:18249,0:442,0:459]",float,-9999.000000,DIFFERS,yes,"[0:18249,0:442,0:459]","marray <float,[D0(*:*),D1(*:*),D2(*:*)]>",ardac/cmip6_downscaled/wcs_ingest_scripts/pr_CNRM-CM6-1-HR_historical_adjusted.json,,sdom disagrees with DescribeCoverage extent; collection name differs from coverage id
cmip6_downscaled_pr_CNRM_CM6_1_HR_ssp126_v2_wcs,wcs,no,ok,ansi X Y,"31390,443,460",1,4,dbinfo (measured),aligned,"ALIGNED [0:*, 0:31, 0:31] tile size 16777216","[0:*,0:31,0:31]","31390,32,32",32143360,16777216,128573440,13196210.503067484,1956,25811787744,25586616800,1.0088,"ok,PAD,PAD","1,14,15",2,1,128573440,1024.0,210,27000422400,33124.5,no,,,,n/a (wildcards derived),,,,,,,cmip6_downscaled_pr_CNRM_CM6_1_HR_ssp126_wcs_v2,petascopedb pointer,,"[0:31389,0:442,0:459]",float,-9999.000000,match,yes,"[0:31389,0:442,0:459]","marray <float,[D0(*:*),D1(*:*),D2(*:*)]>",ardac/cmip6_downscaled/wcs_ingest_scripts/pr_CNRM-CM6-1-HR_ssp126_adjusted.json,,collection name differs from coverage id
cmip6_downscaled_pr_CNRM_CM6_1_HR_ssp585_v2_wcs,wcs,no,ok,ansi X Y,"31390,443,460",1,4,dbinfo (measured),aligned,"ALIGNED [0:*, 0:31, 0:31] tile size 16777216","[0:*,0:31,0:31]","31390,32,32",32143360,16777216,128573440,13196210.503067484,1956,25811787744,25586616800,1.0088,"ok,PAD,PAD","1,14,15",2,1,128573440,1024.0,210,27000422400,33124.5,no,,,,n/a (wildcards derived),,,,,,,cmip6_downscaled_pr_CNRM_CM6_1_HR_ssp585_wcs_v2,petascopedb pointer,,"[0:31389,0:442,0:459]",float,-9999.000000,match,yes,"[0:31389,0:442,0:459]","marray <float,[D0(*:*),D1(*:*),D2(*:*)]>",ardac/cmip6_downscaled/wcs_ingest_scripts/pr_CNRM-CM6-1-HR_ssp585_adjusted.json,,collection name differs from coverage id
cmip6_downscaled_pr_E3SM_2_0_historical_v2_wcs,wcs,no,ok,ansi X Y,"18250,443,460",1,4,dbinfo (measured),aligned,"ALIGNED [0:*, 0:31, 0:31] tile size 16777216","[0:*,0:31,0:31]","18250,32,32",18688000,16777216,74752000,12267172.477905074,1222,14990484768,14875940000,1.0077,"ok,PAD,PAD","1,14,15",2,1,74752000,1024.0,210,15697920000,19258.4,no,,,,n/a (wildcards derived),,,,,,,cmip6_downscaled_pr_E3SM_2_0_historical_wcs_v2,petascopedb pointer,,"[0:18249,0:442,0:459]",float,-9999.000000,match,yes,"[0:18249,0:442,0:459]","marray <float,[D0(*:*),D1(*:*),D2(*:*)]>",ardac/cmip6_downscaled/wcs_ingest_scripts/pr_E3SM-2-0_historical_adjusted.json,,collection name differs from coverage id
cmip6_downscaled_pr_E3SM_2_0_ssp370_v2_wcs,wcs,no,ok,ansi X Y,"31390,443,460",1,4,dbinfo (measured),aligned,"ALIGNED [0:*, 0:31, 0:31] tile size 16777216","[0:*,0:31,0:31]","31390,32,32",32143360,16777216,128573440,13196210.503067484,1956,25811787744,25586616800,1.0088,"ok,PAD,PAD","1,14,15",2,1,128573440,1024.0,210,27000422400,33124.5,no,,,,n/a (wildcards derived),,,,,,,cmip6_downscaled_pr_E3SM_2_0_ssp370_wcs_v2,petascopedb pointer,,"[0:31389,0:442,0:459]",float,-9999.000000,match,yes,"[0:31389,0:442,0:459]","marray <float,[D0(*:*),D1(*:*),D2(*:*)]>",ardac/cmip6_downscaled/wcs_ingest_scripts/pr_E3SM-2-0_ssp370_adjusted.json,,collection name differs from coverage id
cmip6_downscaled_pr_EC_Earth3_Veg_historical_v2_wcs,wcs,no,ok,ansi X Y,"18250,443,460",1,4,dbinfo (measured),aligned,"ALIGNED [0:*, 0:31, 0:31] tile size 16777216","[0:*,0:31,0:31]","18250,32,32",18688000,16777216,74752000,12267172.477905074,1222,14990484768,14875940000,1.0077,"ok,PAD,PAD","1,14,15",2,1,74752000,1024.0,210,15697920000,19258.4,no,,,,n/a (wildcards derived),,,,,,,cmip6_downscaled_pr_EC_Earth3_Veg_historical_wcs_v2,petascopedb pointer,,"[0:18249,0:442,0:459]",float,-9999.000000,match,yes,"[0:18249,0:442,0:459]","marray <float,[D0(*:*),D1(*:*),D2(*:*)]>",ardac/cmip6_downscaled/wcs_ingest_scripts/pr_EC-Earth3-Veg_historical_adjusted.json,,collection name differs from coverage id
cmip6_downscaled_pr_EC_Earth3_Veg_ssp126_v2_wcs,wcs,no,ok,ansi X Y,"31390,443,460",1,4,dbinfo (measured),aligned,"ALIGNED [0:*, 0:31, 0:31] tile size 16777216","[0:*,0:31,0:31]","31390,32,32",32143360,16777216,128573440,13196210.503067484,1956,25811787744,25586616800,1.0088,"ok,PAD,PAD","1,14,15",2,1,128573440,1024.0,210,27000422400,33124.5,no,,,,n/a (wildcards derived),,,,,,,cmip6_downscaled_pr_EC_Earth3_Veg_ssp126_wcs_v2,petascopedb pointer,,"[0:31389,0:442,0:459]",float,-9999.000000,match,yes,"[0:31389,0:442,0:459]","marray <float,[D0(*:*),D1(*:*),D2(*:*)]>",ardac/cmip6_downscaled/wcs_ingest_scripts/pr_EC-Earth3-Veg_ssp126_adjusted.json,,collection name differs from coverage id
cmip6_downscaled_pr_EC_Earth3_Veg_ssp370_v2_wcs,wcs,no,ok,ansi X Y,"31390,443,460",1,4,dbinfo (measured),aligned,"ALIGNED [0:*, 0:31, 0:31] tile size 16777216","[0:*,0:31,0:31]","31390,32,32",32143360,16777216,128573440,13196210.503067484,1956,25811787744,25586616800,1.0088,"ok,PAD,PAD","1,14,15",2,1,128573440,1024.0,210,27000422400,33124.5,no,,,,n/a (wildcards derived),,,,,,,cmip6_downscaled_pr_EC_Earth3_Veg_ssp370_wcs_v2,petascopedb pointer,,"[0:31389,0:442,0:459]",float,-9999.000000,match,yes,"[0:31389,0:442,0:459]","marray <float,[D0(*:*),D1(*:*),D2(*:*)]>",ardac/cmip6_downscaled/wcs_ingest_scripts/pr_EC-Earth3-Veg_ssp370_adjusted.json,,collection name differs from coverage id
cmip6_downscaled_pr_EC_Earth3_Veg_ssp585_v2_wcs,wcs,no,ok,ansi X Y,"31390,443,460",1,4,dbinfo (measured),aligned,"ALIGNED [0:*, 0:31, 0:31] tile size 16777216","[0:*,0:31,0:31]","31390,32,32",32143360,16777216,128573440,13196210.503067484,1956,25811787744,25586616800,1.0088,"ok,PAD,PAD","1,14,15",2,1,128573440,1024.0,210,27000422400,33124.5,no,,,,n/a (wildcards derived),,,,,,,cmip6_downscaled_pr_EC_Earth3_Veg_ssp585_wcs_v2,petascopedb pointer,,"[0:31389,0:442,0:459]",float,-9999.000000,match,yes,"[0:31389,0:442,0:459]","marray <float,[D0(*:*),D1(*:*),D2(*:*)]>",ardac/cmip6_downscaled/wcs_ingest_scripts/pr_EC-Earth3-Veg_ssp585_adjusted.json,,collection name differs from coverage id
cmip6_downscaled_pr_GFDL_ESM4_historical_v2_wcs,wcs,no,ok,ansi X Y,"18250,443,460",1,4,dbinfo (measured),aligned,"ALIGNED [0:*, 0:31, 0:31] tile size 16777216","[0:*,0:31,0:31]","18250,32,32",18688000,16777216,74752000,12267172.477905074,1222,14990484768,14875940000,1.0077,"ok,PAD,PAD","1,14,15",2,1,74752000,1024.0,210,15697920000,19258.4,no,,,,n/a (wildcards derived),,,,,,,cmip6_downscaled_pr_GFDL_ESM4_historical_wcs_v2,petascopedb pointer,,"[0:18249,0:442,0:459]",float,-9999.000000,match,yes,"[0:18249,0:442,0:459]","marray <float,[D0(*:*),D1(*:*),D2(*:*)]>",ardac/cmip6_downscaled/wcs_ingest_scripts/pr_GFDL-ESM4_historical_adjusted.json,,collection name differs from coverage id
cmip6_downscaled_pr_GFDL_ESM4_ssp126_v2_wcs,wcs,no,ok,ansi X Y,"31390,443,460",1,4,dbinfo (measured),aligned,"ALIGNED [0:*, 0:31, 0:31] tile size 16777216","[0:*,0:31,0:31]","31390,32,32",32143360,16777216,128573440,13196210.503067484,1956,25811787744,25586616800,1.0088,"ok,PAD,PAD","1,14,15",2,1,128573440,1024.0,210,27000422400,33124.5,no,,,,n/a (wildcards derived),,,,,,,cmip6_downscaled_pr_GFDL_ESM4_ssp126_wcs_v2,petascopedb pointer,,"[0:31389,0:442,0:459]",float,-9999.000000,match,yes,"[0:31389,0:442,0:459]","marray <float,[D0(*:*),D1(*:*),D2(*:*)]>",ardac/cmip6_downscaled/wcs_ingest_scripts/pr_GFDL-ESM4_ssp126_adjusted.json,,collection name differs from coverage id
cmip6_downscaled_pr_GFDL_ESM4_ssp245_v2_wcs,wcs,no,ok,ansi X Y,"31390,443,460",1,4,dbinfo (measured),aligned,"ALIGNED [0:*, 0:31, 0:31] tile size 16777216","[0:*,0:31,0:31]","31390,32,32",32143360,16777216,128573440,13196210.503067484,1956,25811787744,25586616800,1.0088,"ok,PAD,PAD","1,14,15",2,1,128573440,1024.0,210,27000422400,33124.5,no,,,,n/a (wildcards derived),,,,,,,cmip6_downscaled_pr_GFDL_ESM4_ssp245_wcs_v2,petascopedb pointer,,"[0:31389,0:442,0:459]",float,-9999.000000,match,yes,"[0:31389,0:442,0:459]","marray <float,[D0(*:*),D1(*:*),D2(*:*)]>",ardac/cmip6_downscaled/wcs_ingest_scripts/pr_GFDL-ESM4_ssp245_adjusted.json,,collection name differs from coverage id
cmip6_downscaled_pr_GFDL_ESM4_ssp370_v2_wcs,wcs,no,ok,ansi X Y,"31390,443,460",1,4,dbinfo (measured),aligned,"ALIGNED [0:*, 0:31, 0:31] tile size 16777216","[0:*,0:31,0:31]","31390,32,32",32143360,16777216,128573440,13196210.503067484,1956,25811787744,25586616800,1.0088,"ok,PAD,PAD","1,14,15",2,1,128573440,1024.0,210,27000422400,33124.5,no,,,,n/a (wildcards derived),,,,,,,cmip6_downscaled_pr_GFDL_ESM4_ssp370_wcs_v2,petascopedb pointer,,"[0:31389,0:442,0:459]",float,-9999.000000,match,yes,"[0:31389,0:442,0:459]","marray <float,[D0(*:*),D1(*:*),D2(*:*)]>",ardac/cmip6_downscaled/wcs_ingest_scripts/pr_GFDL-ESM4_ssp370_adjusted.json,,collection name differs from coverage id
cmip6_downscaled_pr_GFDL_ESM4_ssp585_v2_wcs,wcs,no,ok,ansi X Y,"31390,443,460",1,4,dbinfo (measured),aligned,"ALIGNED [0:*, 0:31, 0:31] tile size 16777216","[0:*,0:31,0:31]","31390,32,32",32143360,16777216,128573440,13196210.503067484,1956,25811787744,25586616800,1.0088,"ok,PAD,PAD","1,14,15",2,1,128573440,1024.0,210,27000422400,33124.5,no,,,,n/a (wildcards derived),,,,,,,cmip6_downscaled_pr_GFDL_ESM4_ssp585_wcs_v2,petascopedb pointer,,"[0:31389,0:442,0:459]",float,-9999.000000,match,yes,"[0:31389,0:442,0:459]","marray <float,[D0(*:*),D1(*:*),D2(*:*)]>",ardac/cmip6_downscaled/wcs_ingest_scripts/pr_GFDL-ESM4_ssp585_adjusted.json,,collection name differs from coverage id
cmip6_downscaled_pr_HadGEM3_GC31_LL_historical_v2_wcs,wcs,no,ok,ansi X Y,"18250,443,460",1,4,dbinfo (measured),aligned,"ALIGNED [0:*, 0:31, 0:31] tile size 16777216","[0:*,0:31,0:31]","18250,32,32",18688000,16777216,74752000,12267172.477905074,1222,14990484768,14875940000,1.0077,"ok,PAD,PAD","1,14,15",2,1,74752000,1024.0,210,15697920000,19258.4,no,,,,n/a (wildcards derived),,,,,,,cmip6_downscaled_pr_HadGEM3_GC31_LL_historical_wcs_v2,petascopedb pointer,,"[0:18249,0:442,0:459]",float,-9999.000000,match,yes,"[0:18249,0:442,0:459]","marray <float,[D0(*:*),D1(*:*),D2(*:*)]>",ardac/cmip6_downscaled/wcs_ingest_scripts/pr_HadGEM3-GC31-LL_historical_adjusted.json,,collection name differs from coverage id
cmip6_downscaled_pr_HadGEM3_GC31_LL_ssp126_v2_wcs,wcs,no,ok,ansi X Y,"31390,443,460",1,4,dbinfo (measured),aligned,"ALIGNED [0:*, 0:31, 0:31] tile size 16777216","[0:*,0:31,0:31]","31390,32,32",32143360,16777216,128573440,13196210.503067484,1956,25811787744,25586616800,1.0088,"ok,PAD,PAD","1,14,15",2,1,128573440,1024.0,210,27000422400,33124.5,no,,,,n/a (wildcards derived),,,,,,,cmip6_downscaled_pr_HadGEM3_GC31_LL_ssp126_wcs_v2,petascopedb pointer,,"[0:31389,0:442,0:459]",float,-9999.000000,match,yes,"[0:31389,0:442,0:459]","marray <float,[D0(*:*),D1(*:*),D2(*:*)]>",ardac/cmip6_downscaled/wcs_ingest_scripts/pr_HadGEM3-GC31-LL_ssp126_adjusted.json,,collection name differs from coverage id
cmip6_downscaled_pr_HadGEM3_GC31_LL_ssp245_v2_wcs,wcs,no,ok,ansi X Y,"31390,443,460",1,4,dbinfo (measured),aligned,"ALIGNED [0:*, 0:31, 0:31] tile size 16777216","[0:*,0:31,0:31]","31390,32,32",32143360,16777216,128573440,13196210.503067484,1956,25811787744,25586616800,1.0088,"ok,PAD,PAD","1,14,15",2,1,128573440,1024.0,210,27000422400,33124.5,no,,,,n/a (wildcards derived),,,,,,,cmip6_downscaled_pr_HadGEM3_GC31_LL_ssp245_wcs_v2,petascopedb pointer,,"[0:31389,0:442,0:459]",float,-9999.000000,match,yes,"[0:31389,0:442,0:459]","marray <float,[D0(*:*),D1(*:*),D2(*:*)]>",ardac/cmip6_downscaled/wcs_ingest_scripts/pr_HadGEM3-GC31-LL_ssp245_adjusted.json,,collection name differs from coverage id
cmip6_downscaled_pr_HadGEM3_GC31_LL_ssp585_v2_wcs,wcs,no,ok,ansi X Y,"31390,443,460",1,4,dbinfo (measured),aligned,"ALIGNED [0:*, 0:31, 0:31] tile size 16777216","[0:*,0:31,0:31]","31390,32,32",32143360,16777216,128573440,13196210.503067484,1956,25811787744,25586616800,1.0088,"ok,PAD,PAD","1,14,15",2,1,128573440,1024.0,210,27000422400,33124.5,no,,,,n/a (wildcards derived),,,,,,,cmip6_downscaled_pr_HadGEM3_GC31_LL_ssp585_wcs_v2,petascopedb pointer,,"[0:31389,0:442,0:459]",float,-9999.000000,match,yes,"[0:31389,0:442,0:459]","marray <float,[D0(*:*),D1(*:*),D2(*:*)]>",ardac/cmip6_downscaled/wcs_ingest_scripts/pr_HadGEM3-GC31-LL_ssp585_adjusted.json,,collection name differs from coverage id
cmip6_downscaled_pr_HadGEM3_GC31_MM_historical_v2_wcs,wcs,no,ok,ansi X Y,"18250,443,460",1,4,dbinfo (measured),aligned,"ALIGNED [0:*, 0:31, 0:31] tile size 16777216","[0:*,0:31,0:31]","18250,32,32",18688000,16777216,74752000,12267172.477905074,1222,14990484768,14875940000,1.0077,"ok,PAD,PAD","1,14,15",2,1,74752000,1024.0,210,15697920000,19258.4,no,,,,n/a (wildcards derived),,,,,,,cmip6_downscaled_pr_HadGEM3_GC31_MM_historical_wcs_v2,petascopedb pointer,,"[0:18249,0:442,0:459]",float,-9999.000000,match,yes,"[0:18249,0:442,0:459]","marray <float,[D0(*:*),D1(*:*),D2(*:*)]>",ardac/cmip6_downscaled/wcs_ingest_scripts/pr_HadGEM3-GC31-MM_historical_adjusted.json,,collection name differs from coverage id
cmip6_downscaled_pr_HadGEM3_GC31_MM_ssp126_v2_wcs,wcs,no,ok,ansi X Y,"31390,443,460",1,4,dbinfo (measured),aligned,"ALIGNED [0:*, 0:31, 0:31] tile size 16777216","[0:*,0:31,0:31]","31390,32,32",32143360,16777216,128573440,13196210.503067484,1956,25811787744,25586616800,1.0088,"ok,PAD,PAD","1,14,15",2,1,128573440,1024.0,210,27000422400,33124.5,no,,,,n/a (wildcards derived),,,,,,,cmip6_downscaled_pr_HadGEM3_GC31_MM_ssp126_wcs_v2,petascopedb pointer,,"[0:31389,0:442,0:459]",float,-9999.000000,match,yes,"[0:31389,0:442,0:459]","marray <float,[D0(*:*),D1(*:*),D2(*:*)]>",ardac/cmip6_downscaled/wcs_ingest_scripts/pr_HadGEM3-GC31-MM_ssp126_adjusted.json,,collection name differs from coverage id
cmip6_downscaled_pr_HadGEM3_GC31_MM_ssp585_v2_wcs,wcs,no,ok,ansi X Y,"31390,443,460",1,4,dbinfo (measured),aligned,"ALIGNED [0:*, 0:31, 0:31] tile size 16777216","[0:*,0:31,0:31]","31390,32,32",32143360,16777216,128573440,13196210.503067484,1956,25811787744,25586616800,1.0088,"ok,PAD,PAD","1,14,15",2,1,128573440,1024.0,210,27000422400,33124.5,no,,,,n/a (wildcards derived),,,,,,,cmip6_downscaled_pr_HadGEM3_GC31_MM_ssp585_wcs_v2,petascopedb pointer,,"[0:31389,0:442,0:459]",float,-9999.000000,match,yes,"[0:31389,0:442,0:459]","marray <float,[D0(*:*),D1(*:*),D2(*:*)]>",ardac/cmip6_downscaled/wcs_ingest_scripts/pr_HadGEM3-GC31-MM_ssp585_adjusted.json,,collection name differs from coverage id
cmip6_downscaled_pr_KACE_1_0_G_historical_v2_wcs,wcs,no,ok,ansi X Y,"18250,443,460",1,4,dbinfo (measured),aligned,"ALIGNED [0:*, 0:31, 0:31] tile size 16777216","[0:*,0:31,0:31]","18250,32,32",18688000,16777216,74752000,12267172.477905074,1222,14990484768,14875940000,1.0077,"ok,PAD,PAD","1,14,15",2,1,74752000,1024.0,210,15697920000,19258.4,no,,,,n/a (wildcards derived),,,,,,,cmip6_downscaled_pr_KACE_1_0_G_historical_wcs_v2,petascopedb pointer,,"[0:18249,0:442,0:459]",float,-9999.000000,match,yes,"[0:18249,0:442,0:459]","marray <float,[D0(*:*),D1(*:*),D2(*:*)]>",ardac/cmip6_downscaled/wcs_ingest_scripts/pr_KACE-1-0-G_historical_adjusted.json,,collection name differs from coverage id
cmip6_downscaled_pr_KACE_1_0_G_ssp126_v2_wcs,wcs,no,ok,ansi X Y,"31390,443,460",1,4,dbinfo (measured),aligned,"ALIGNED [0:*, 0:31, 0:31] tile size 16777216","[0:*,0:31,0:31]","31390,32,32",32143360,16777216,128573440,13196210.503067484,1956,25811787744,25586616800,1.0088,"ok,PAD,PAD","1,14,15",2,1,128573440,1024.0,210,27000422400,33124.5,no,,,,n/a (wildcards derived),,,,,,,cmip6_downscaled_pr_KACE_1_0_G_ssp126_wcs_v2,petascopedb pointer,,"[0:31389,0:442,0:459]",float,-9999.000000,match,yes,"[0:31389,0:442,0:459]","marray <float,[D0(*:*),D1(*:*),D2(*:*)]>",ardac/cmip6_downscaled/wcs_ingest_scripts/pr_KACE-1-0-G_ssp126_adjusted.json,,collection name differs from coverage id
cmip6_downscaled_pr_KACE_1_0_G_ssp245_v2_wcs,wcs,no,ok,ansi X Y,"31390,443,460",1,4,dbinfo (measured),aligned,"ALIGNED [0:*, 0:31, 0:31] tile size 16777216","[0:*,0:31,0:31]","31390,32,32",32143360,16777216,128573440,13196210.503067484,1956,25811787744,25586616800,1.0088,"ok,PAD,PAD","1,14,15",2,1,128573440,1024.0,210,27000422400,33124.5,no,,,,n/a (wildcards derived),,,,,,,cmip6_downscaled_pr_KACE_1_0_G_ssp245_wcs_v2,petascopedb pointer,,"[0:31389,0:442,0:459]",float,-9999.000000,match,yes,"[0:31389,0:442,0:459]","marray <float,[D0(*:*),D1(*:*),D2(*:*)]>",ardac/cmip6_downscaled/wcs_ingest_scripts/pr_KACE-1-0-G_ssp245_adjusted.json,,collection name differs from coverage id
cmip6_downscaled_pr_KACE_1_0_G_ssp370_v2_wcs,wcs,no,ok,ansi X Y,"31390,443,460",1,4,dbinfo (measured),aligned,"ALIGNED [0:*, 0:31, 0:31] tile size 16777216","[0:*,0:31,0:31]","31390,32,32",32143360,16777216,128573440,13196210.503067484,1956,25811787744,25586616800,1.0088,"ok,PAD,PAD","1,14,15",2,1,128573440,1024.0,210,27000422400,33124.5,no,,,,n/a (wildcards derived),,,,,,,cmip6_downscaled_pr_KACE_1_0_G_ssp370_wcs_v2,petascopedb pointer,,"[0:31389,0:442,0:459]",float,-9999.000000,match,yes,"[0:31389,0:442,0:459]","marray <float,[D0(*:*),D1(*:*),D2(*:*)]>",ardac/cmip6_downscaled/wcs_ingest_scripts/pr_KACE-1-0-G_ssp370_adjusted.json,,collection name differs from coverage id
cmip6_downscaled_pr_KACE_1_0_G_ssp585_v2_wcs,wcs,no,ok,ansi X Y,"31390,443,460",1,4,dbinfo (measured),aligned,"ALIGNED [0:*, 0:31, 0:31] tile size 16777216","[0:*,0:31,0:31]","31390,32,32",32143360,16777216,128573440,13196210.503067484,1956,25811787744,25586616800,1.0088,"ok,PAD,PAD","1,14,15",2,1,128573440,1024.0,210,27000422400,33124.5,no,,,,n/a (wildcards derived),,,,,,,cmip6_downscaled_pr_KACE_1_0_G_ssp585_wcs_v2,petascopedb pointer,,"[0:31389,0:442,0:459]",float,-9999.000000,match,yes,"[0:31389,0:442,0:459]","marray <float,[D0(*:*),D1(*:*),D2(*:*)]>",ardac/cmip6_downscaled/wcs_ingest_scripts/pr_KACE-1-0-G_ssp585_adjusted.json,,collection name differs from coverage id
cmip6_downscaled_pr_MIROC6_historical_v2_wcs,wcs,no,ok,ansi X Y,"18250,443,460",1,4,dbinfo (measured),aligned,"ALIGNED [0:*, 0:31, 0:31] tile size 16777216","[0:*,0:31,0:31]","18250,32,32",18688000,16777216,74752000,12267172.477905074,1222,14990484768,14875940000,1.0077,"ok,PAD,PAD","1,14,15",2,1,74752000,1024.0,210,15697920000,19258.4,no,,,,n/a (wildcards derived),,,,,,,cmip6_downscaled_pr_MIROC6_historical_wcs_v2,petascopedb pointer,,"[0:18249,0:442,0:459]",float,-9999.000000,match,yes,"[0:18249,0:442,0:459]","marray <float,[D0(*:*),D1(*:*),D2(*:*)]>",ardac/cmip6_downscaled/wcs_ingest_scripts/pr_MIROC6_historical_adjusted.json,,collection name differs from coverage id
cmip6_downscaled_pr_MIROC6_ssp126_v2_wcs,wcs,no,ok,ansi X Y,"31390,443,460",1,4,dbinfo (measured),aligned,"ALIGNED [0:*, 0:31, 0:31] tile size 16777216","[0:*,0:31,0:31]","31390,32,32",32143360,16777216,128573440,13196210.503067484,1956,25811787744,25586616800,1.0088,"ok,PAD,PAD","1,14,15",2,1,128573440,1024.0,210,27000422400,33124.5,no,,,,n/a (wildcards derived),,,,,,,cmip6_downscaled_pr_MIROC6_ssp126_wcs_v2,petascopedb pointer,,"[0:31389,0:442,0:459]",float,-9999.000000,match,yes,"[0:31389,0:442,0:459]","marray <float,[D0(*:*),D1(*:*),D2(*:*)]>",ardac/cmip6_downscaled/wcs_ingest_scripts/pr_MIROC6_ssp126_adjusted.json,,collection name differs from coverage id
cmip6_downscaled_pr_MIROC6_ssp245_v2_wcs,wcs,no,ok,ansi X Y,"31390,443,460",1,4,dbinfo (measured),aligned,"ALIGNED [0:*, 0:31, 0:31] tile size 16777216","[0:*,0:31,0:31]","31390,32,32",32143360,16777216,128573440,13196210.503067484,1956,25811787744,25586616800,1.0088,"ok,PAD,PAD","1,14,15",2,1,128573440,1024.0,210,27000422400,33124.5,no,,,,n/a (wildcards derived),,,,,,,cmip6_downscaled_pr_MIROC6_ssp245_wcs_v2,petascopedb pointer,,"[0:31389,0:442,0:459]",float,-9999.000000,match,yes,"[0:31389,0:442,0:459]","marray <float,[D0(*:*),D1(*:*),D2(*:*)]>",ardac/cmip6_downscaled/wcs_ingest_scripts/pr_MIROC6_ssp245_adjusted.json,,collection name differs from coverage id
cmip6_downscaled_pr_MIROC6_ssp370_v2_wcs,wcs,no,ok,ansi X Y,"31390,443,460",1,4,dbinfo (measured),aligned,"ALIGNED [0:*, 0:31, 0:31] tile size 16777216","[0:*,0:31,0:31]","31390,32,32",32143360,16777216,128573440,13196210.503067484,1956,25811787744,25586616800,1.0088,"ok,PAD,PAD","1,14,15",2,1,128573440,1024.0,210,27000422400,33124.5,no,,,,n/a (wildcards derived),,,,,,,cmip6_downscaled_pr_MIROC6_ssp370_wcs_v2,petascopedb pointer,,"[0:31389,0:442,0:459]",float,-9999.000000,match,yes,"[0:31389,0:442,0:459]","marray <float,[D0(*:*),D1(*:*),D2(*:*)]>",ardac/cmip6_downscaled/wcs_ingest_scripts/pr_MIROC6_ssp370_adjusted.json,,collection name differs from coverage id
cmip6_downscaled_pr_MIROC6_ssp585_v2_wcs,wcs,no,ok,ansi X Y,"31390,443,460",1,4,dbinfo (measured),aligned,"ALIGNED [0:*, 0:31, 0:31] tile size 16777216","[0:*,0:31,0:31]","31390,32,32",32143360,16777216,128573440,13196210.503067484,1956,25811787744,25586616800,1.0088,"ok,PAD,PAD","1,14,15",2,1,128573440,1024.0,210,27000422400,33124.5,no,,,,n/a (wildcards derived),,,,,,,cmip6_downscaled_pr_MIROC6_ssp585_wcs_v2,petascopedb pointer,,"[0:31389,0:442,0:459]",float,-9999.000000,match,yes,"[0:31389,0:442,0:459]","marray <float,[D0(*:*),D1(*:*),D2(*:*)]>",ardac/cmip6_downscaled/wcs_ingest_scripts/pr_MIROC6_ssp585_adjusted.json,,collection name differs from coverage id
cmip6_downscaled_pr_MPI_ESM1_2_HR_historical_v2_wcs,wcs,no,ok,ansi X Y,"18250,443,460",1,4,dbinfo (measured),aligned,"ALIGNED [0:*, 0:31, 0:31] tile size 16777216","[0:*,0:31,0:31]","18250,32,32",18688000,16777216,74752000,12267172.477905074,1222,14990484768,14875940000,1.0077,"ok,PAD,PAD","1,14,15",2,1,74752000,1024.0,210,15697920000,19258.4,no,,,,n/a (wildcards derived),,,,,,,cmip6_downscaled_pr_MPI_ESM1_2_HR_historical_wcs_v2,petascopedb pointer,,"[0:18249,0:442,0:459]",float,-9999.000000,match,yes,"[0:18249,0:442,0:459]","marray <float,[D0(*:*),D1(*:*),D2(*:*)]>",ardac/cmip6_downscaled/wcs_ingest_scripts/pr_MPI-ESM1-2-HR_historical_adjusted.json,,collection name differs from coverage id
cmip6_downscaled_pr_MPI_ESM1_2_HR_ssp126_v2_wcs,wcs,no,ok,ansi X Y,"31390,443,460",1,4,dbinfo (measured),aligned,"ALIGNED [0:*, 0:31, 0:31] tile size 16777216","[0:*,0:31,0:31]","31390,32,32",32143360,16777216,128573440,13196210.503067484,1956,25811787744,25586616800,1.0088,"ok,PAD,PAD","1,14,15",2,1,128573440,1024.0,210,27000422400,33124.5,no,,,,n/a (wildcards derived),,,,,,,cmip6_downscaled_pr_MPI_ESM1_2_HR_ssp126_wcs_v2,petascopedb pointer,,"[0:31389,0:442,0:459]",float,-9999.000000,match,yes,"[0:31389,0:442,0:459]","marray <float,[D0(*:*),D1(*:*),D2(*:*)]>",ardac/cmip6_downscaled/wcs_ingest_scripts/pr_MPI-ESM1-2-HR_ssp126_adjusted.json,,collection name differs from coverage id
cmip6_downscaled_pr_MPI_ESM1_2_HR_ssp245_v2_wcs,wcs,no,ok,ansi X Y,"31390,443,460",1,4,dbinfo (measured),aligned,"ALIGNED [0:*, 0:31, 0:31] tile size 16777216","[0:*,0:31,0:31]","31390,32,32",32143360,16777216,128573440,13196210.503067484,1956,25811787744,25586616800,1.0088,"ok,PAD,PAD","1,14,15",2,1,128573440,1024.0,210,27000422400,33124.5,no,,,,n/a (wildcards derived),,,,,,,cmip6_downscaled_pr_MPI_ESM1_2_HR_ssp245_wcs_v2,petascopedb pointer,,"[0:31389,0:442,0:459]",float,-9999.000000,match,yes,"[0:31389,0:442,0:459]","marray <float,[D0(*:*),D1(*:*),D2(*:*)]>",ardac/cmip6_downscaled/wcs_ingest_scripts/pr_MPI-ESM1-2-HR_ssp245_adjusted.json,,collection name differs from coverage id
cmip6_downscaled_pr_MPI_ESM1_2_HR_ssp370_v2_wcs,wcs,no,ok,ansi X Y,"31390,443,460",1,4,dbinfo (measured),aligned,"ALIGNED [0:*, 0:31, 0:31] tile size 16777216","[0:*,0:31,0:31]","31390,32,32",32143360,16777216,128573440,13196210.503067484,1956,25811787744,25586616800,1.0088,"ok,PAD,PAD","1,14,15",2,1,128573440,1024.0,210,27000422400,33124.5,no,,,,n/a (wildcards derived),,,,,,,cmip6_downscaled_pr_MPI_ESM1_2_HR_ssp370_wcs_v2,petascopedb pointer,,"[0:31389,0:442,0:459]",float,-9999.000000,match,yes,"[0:31389,0:442,0:459]","marray <float,[D0(*:*),D1(*:*),D2(*:*)]>",ardac/cmip6_downscaled/wcs_ingest_scripts/pr_MPI-ESM1-2-HR_ssp370_adjusted.json,,collection name differs from coverage id
cmip6_downscaled_pr_MPI_ESM1_2_HR_ssp585_v2_wcs,wcs,no,ok,ansi X Y,"31390,443,460",1,4,dbinfo (measured),aligned,"ALIGNED [0:*, 0:31, 0:31] tile size 16777216","[0:*,0:31,0:31]","31390,32,32",32143360,16777216,128573440,13196210.503067484,1956,25811787744,25586616800,1.0088,"ok,PAD,PAD","1,14,15",2,1,128573440,1024.0,210,27000422400,33124.5,no,,,,n/a (wildcards derived),,,,,,,cmip6_downscaled_pr_MPI_ESM1_2_HR_ssp585_wcs_v2,petascopedb pointer,,"[0:31389,0:442,0:459]",float,-9999.000000,match,yes,"[0:31389,0:442,0:459]","marray <float,[D0(*:*),D1(*:*),D2(*:*)]>",ardac/cmip6_downscaled/wcs_ingest_scripts/pr_MPI-ESM1-2-HR_ssp585_adjusted.json,,collection name differs from coverage id
cmip6_downscaled_pr_MRI_ESM2_0_historical_v2_wcs,wcs,no,ok,ansi X Y,"18250,443,460",1,4,dbinfo (measured),aligned,"ALIGNED [0:*, 0:31, 0:31] tile size 16777216","[0:*,0:31,0:31]","18250,32,32",18688000,16777216,74752000,12267172.477905074,1222,14990484768,14875940000,1.0077,"ok,PAD,PAD","1,14,15",2,1,74752000,1024.0,210,15697920000,19258.4,no,,,,n/a (wildcards derived),,,,,,,cmip6_downscaled_pr_MRI_ESM2_0_historical_wcs_v2,petascopedb pointer,,"[0:18249,0:442,0:459]",float,-9999.000000,match,yes,"[0:18249,0:442,0:459]","marray <float,[D0(*:*),D1(*:*),D2(*:*)]>",ardac/cmip6_downscaled/wcs_ingest_scripts/pr_MRI-ESM2-0_historical_adjusted.json,,collection name differs from coverage id
cmip6_downscaled_pr_MRI_ESM2_0_ssp126_v2_wcs,wcs,no,ok,ansi X Y,"31390,443,460",1,4,dbinfo (measured),aligned,"ALIGNED [0:*, 0:31, 0:31] tile size 16777216","[0:*,0:31,0:31]","31390,32,32",32143360,16777216,128573440,13196210.503067484,1956,25811787744,25586616800,1.0088,"ok,PAD,PAD","1,14,15",2,1,128573440,1024.0,210,27000422400,33124.5,no,,,,n/a (wildcards derived),,,,,,,cmip6_downscaled_pr_MRI_ESM2_0_ssp126_wcs_v2,petascopedb pointer,,"[0:31389,0:442,0:459]",float,-9999.000000,match,yes,"[0:31389,0:442,0:459]","marray <float,[D0(*:*),D1(*:*),D2(*:*)]>",ardac/cmip6_downscaled/wcs_ingest_scripts/pr_MRI-ESM2-0_ssp126_adjusted.json,,collection name differs from coverage id
cmip6_downscaled_pr_MRI_ESM2_0_ssp245_v2_wcs,wcs,no,ok,ansi X Y,"31390,443,460",1,4,dbinfo (measured),aligned,"ALIGNED [0:*, 0:31, 0:31] tile size 16777216","[0:*,0:31,0:31]","31390,32,32",32143360,16777216,128573440,13196210.503067484,1956,25811787744,25586616800,1.0088,"ok,PAD,PAD","1,14,15",2,1,128573440,1024.0,210,27000422400,33124.5,no,,,,n/a (wildcards derived),,,,,,,cmip6_downscaled_pr_MRI_ESM2_0_ssp245_wcs_v2,petascopedb pointer,,"[0:31389,0:442,0:459]",float,-9999.000000,match,yes,"[0:31389,0:442,0:459]","marray <float,[D0(*:*),D1(*:*),D2(*:*)]>",ardac/cmip6_downscaled/wcs_ingest_scripts/pr_MRI-ESM2-0_ssp245_adjusted.json,,collection name differs from coverage id
cmip6_downscaled_pr_MRI_ESM2_0_ssp370_v2_wcs,wcs,no,ok,ansi X Y,"31390,443,460",1,4,dbinfo (measured),aligned,"ALIGNED [0:*, 0:31, 0:31] tile size 16777216","[0:*,0:31,0:31]","31390,32,32",32143360,16777216,128573440,13196210.503067484,1956,25811787744,25586616800,1.0088,"ok,PAD,PAD","1,14,15",2,1,128573440,1024.0,210,27000422400,33124.5,no,,,,n/a (wildcards derived),,,,,,,cmip6_downscaled_pr_MRI_ESM2_0_ssp370_wcs_v2,petascopedb pointer,,"[0:31389,0:442,0:459]",float,-9999.000000,match,yes,"[0:31389,0:442,0:459]","marray <float,[D0(*:*),D1(*:*),D2(*:*)]>",ardac/cmip6_downscaled/wcs_ingest_scripts/pr_MRI-ESM2-0_ssp370_adjusted.json,,collection name differs from coverage id
cmip6_downscaled_pr_MRI_ESM2_0_ssp585_v2_wcs,wcs,no,ok,ansi X Y,"31390,443,460",1,4,dbinfo (measured),aligned,"ALIGNED [0:*, 0:31, 0:31] tile size 16777216","[0:*,0:31,0:31]","31390,32,32",32143360,16777216,128573440,13196210.503067484,1956,25811787744,25586616800,1.0088,"ok,PAD,PAD","1,14,15",2,1,128573440,1024.0,210,27000422400,33124.5,no,,,,n/a (wildcards derived),,,,,,,cmip6_downscaled_pr_MRI_ESM2_0_ssp585_wcs_v2,petascopedb pointer,,"[0:31389,0:442,0:459]",float,-9999.000000,match,yes,"[0:31389,0:442,0:459]","marray <float,[D0(*:*),D1(*:*),D2(*:*)]>",ardac/cmip6_downscaled/wcs_ingest_scripts/pr_MRI-ESM2-0_ssp585_adjusted.json,,collection name differs from coverage id
cmip6_downscaled_pr_NorESM2_MM_historical_v2_wcs,wcs,no,ok,ansi X Y,"18250,443,460",1,4,dbinfo (measured),aligned,"ALIGNED [0:*, 0:31, 0:31] tile size 16777216","[0:*,0:31,0:31]","18250,32,32",18688000,16777216,74752000,12267172.477905074,1222,14990484768,14875940000,1.0077,"ok,PAD,PAD","1,14,15",2,1,74752000,1024.0,210,15697920000,19258.4,no,,,,n/a (wildcards derived),,,,,,,cmip6_downscaled_pr_NorESM2_MM_historical_wcs_v2,petascopedb pointer,,"[0:18249,0:442,0:459]",float,-9999.000000,match,yes,"[0:18249,0:442,0:459]","marray <float,[D0(*:*),D1(*:*),D2(*:*)]>",ardac/cmip6_downscaled/wcs_ingest_scripts/pr_NorESM2-MM_historical_adjusted.json,,collection name differs from coverage id
cmip6_downscaled_pr_NorESM2_MM_ssp126_v2_wcs,wcs,no,ok,ansi X Y,"31390,443,460",1,4,dbinfo (measured),aligned,"ALIGNED [0:*, 0:31, 0:31] tile size 16777216","[0:*,0:31,0:31]","31390,32,32",32143360,16777216,128573440,13196210.503067484,1956,25811787744,25586616800,1.0088,"ok,PAD,PAD","1,14,15",2,1,128573440,1024.0,210,27000422400,33124.5,no,,,,n/a (wildcards derived),,,,,,,cmip6_downscaled_pr_NorESM2_MM_ssp126_wcs_v2,petascopedb pointer,,"[0:31389,0:442,0:459]",float,-9999.000000,match,yes,"[0:31389,0:442,0:459]","marray <float,[D0(*:*),D1(*:*),D2(*:*)]>",ardac/cmip6_downscaled/wcs_ingest_scripts/pr_NorESM2-MM_ssp126_adjusted.json,,collection name differs from coverage id
cmip6_downscaled_pr_NorESM2_MM_ssp245_v2_wcs,wcs,no,ok,ansi X Y,"31390,443,460",1,4,dbinfo (measured),aligned,"ALIGNED [0:*, 0:31, 0:31] tile size 16777216","[0:*,0:31,0:31]","31390,32,32",32143360,16777216,128573440,13196210.503067484,1956,25811787744,25586616800,1.0088,"ok,PAD,PAD","1,14,15",2,1,128573440,1024.0,210,27000422400,33124.5,no,,,,n/a (wildcards derived),,,,,,,cmip6_downscaled_pr_NorESM2_MM_ssp245_wcs_v2,petascopedb pointer,,"[0:31389,0:442,0:459]",float,-9999.000000,match,yes,"[0:31389,0:442,0:459]","marray <float,[D0(*:*),D1(*:*),D2(*:*)]>",ardac/cmip6_downscaled/wcs_ingest_scripts/pr_NorESM2-MM_ssp245_adjusted.json,,collection name differs from coverage id
cmip6_downscaled_pr_NorESM2_MM_ssp370_v2_wcs,wcs,no,ok,ansi X Y,"31390,443,460",1,4,dbinfo (measured),aligned,"ALIGNED [0:*, 0:31, 0:31] tile size 16777216","[0:*,0:31,0:31]","31390,32,32",32143360,16777216,128573440,13196210.503067484,1956,25811787744,25586616800,1.0088,"ok,PAD,PAD","1,14,15",2,1,128573440,1024.0,210,27000422400,33124.5,no,,,,n/a (wildcards derived),,,,,,,cmip6_downscaled_pr_NorESM2_MM_ssp370_wcs_v2,petascopedb pointer,,"[0:31389,0:442,0:459]",float,-9999.000000,match,yes,"[0:31389,0:442,0:459]","marray <float,[D0(*:*),D1(*:*),D2(*:*)]>",ardac/cmip6_downscaled/wcs_ingest_scripts/pr_NorESM2-MM_ssp370_adjusted.json,,collection name differs from coverage id
cmip6_downscaled_pr_NorESM2_MM_ssp585_v2_wcs,wcs,no,ok,ansi X Y,"31390,443,460",1,4,dbinfo (measured),aligned,"ALIGNED [0:*, 0:31, 0:31] tile size 16777216","[0:*,0:31,0:31]","31390,32,32",32143360,16777216,128573440,13196210.503067484,1956,25811787744,25586616800,1.0088,"ok,PAD,PAD","1,14,15",2,1,128573440,1024.0,210,27000422400,33124.5,no,,,,n/a (wildcards derived),,,,,,,cmip6_downscaled_pr_NorESM2_MM_ssp585_wcs_v2,petascopedb pointer,,"[0:31389,0:442,0:459]",float,-9999.000000,match,yes,"[0:31389,0:442,0:459]","marray <float,[D0(*:*),D1(*:*),D2(*:*)]>",ardac/cmip6_downscaled/wcs_ingest_scripts/pr_NorESM2-MM_ssp585_adjusted.json,,collection name differs from coverage id
cmip6_downscaled_pr_TaiESM1_historical_v2_wcs,wcs,no,ok,ansi X Y,"18250,443,460",1,4,dbinfo (measured),aligned,"ALIGNED [0:*, 0:31, 0:31] tile size 16777216","[0:*,0:31,0:31]","18250,32,32",18688000,16777216,74752000,12267172.477905074,1222,14990484768,14875940000,1.0077,"ok,PAD,PAD","1,14,15",2,1,74752000,1024.0,210,15697920000,19258.4,no,,,,n/a (wildcards derived),,,,,,,cmip6_downscaled_pr_TaiESM1_historical_wcs_v2,petascopedb pointer,,"[0:18249,0:442,0:459]",float,-9999.000000,match,yes,"[0:18249,0:442,0:459]","marray <float,[D0(*:*),D1(*:*),D2(*:*)]>",ardac/cmip6_downscaled/wcs_ingest_scripts/pr_TaiESM1_historical_adjusted.json,,collection name differs from coverage id
cmip6_downscaled_pr_TaiESM1_ssp126_v2_wcs,wcs,no,ok,ansi X Y,"31390,443,460",1,4,dbinfo (measured),aligned,"ALIGNED [0:*, 0:31, 0:31] tile size 16777216","[0:*,0:31,0:31]","31390,32,32",32143360,16777216,128573440,13196210.503067484,1956,25811787744,25586616800,1.0088,"ok,PAD,PAD","1,14,15",2,1,128573440,1024.0,210,27000422400,33124.5,no,,,,n/a (wildcards derived),,,,,,,cmip6_downscaled_pr_TaiESM1_ssp126_wcs_v2,petascopedb pointer,,"[0:31389,0:442,0:459]",float,-9999.000000,match,yes,"[0:31389,0:442,0:459]","marray <float,[D0(*:*),D1(*:*),D2(*:*)]>",ardac/cmip6_downscaled/wcs_ingest_scripts/pr_TaiESM1_ssp126_adjusted.json,,collection name differs from coverage id
cmip6_downscaled_pr_TaiESM1_ssp245_v2_wcs,wcs,no,ok,ansi X Y,"31390,443,460",1,4,dbinfo (measured),aligned,"ALIGNED [0:*, 0:31, 0:31] tile size 16777216","[0:*,0:31,0:31]","31390,32,32",32143360,16777216,128573440,13196210.503067484,1956,25811787744,25586616800,1.0088,"ok,PAD,PAD","1,14,15",2,1,128573440,1024.0,210,27000422400,33124.5,no,,,,n/a (wildcards derived),,,,,,,cmip6_downscaled_pr_TaiESM1_ssp245_wcs_v2,petascopedb pointer,,"[0:31389,0:442,0:459]",float,-9999.000000,match,yes,"[0:31389,0:442,0:459]","marray <float,[D0(*:*),D1(*:*),D2(*:*)]>",ardac/cmip6_downscaled/wcs_ingest_scripts/pr_TaiESM1_ssp245_adjusted.json,,collection name differs from coverage id
cmip6_downscaled_pr_TaiESM1_ssp370_v2_wcs,wcs,no,ok,ansi X Y,"31390,443,460",1,4,dbinfo (measured),aligned,"ALIGNED [0:*, 0:31, 0:31] tile size 16777216","[0:*,0:31,0:31]","31390,32,32",32143360,16777216,128573440,13196210.503067484,1956,25811787744,25586616800,1.0088,"ok,PAD,PAD","1,14,15",2,1,128573440,1024.0,210,27000422400,33124.5,no,,,,n/a (wildcards derived),,,,,,,cmip6_downscaled_pr_TaiESM1_ssp370_wcs_v2,petascopedb pointer,,"[0:31389,0:442,0:459]",float,-9999.000000,match,yes,"[0:31389,0:442,0:459]","marray <float,[D0(*:*),D1(*:*),D2(*:*)]>",ardac/cmip6_downscaled/wcs_ingest_scripts/pr_TaiESM1_ssp370_adjusted.json,,collection name differs from coverage id
cmip6_downscaled_pr_TaiESM1_ssp585_v2_wcs,wcs,no,ok,ansi X Y,"31390,443,460",1,4,dbinfo (measured),aligned,"ALIGNED [0:*, 0:31, 0:31] tile size 16777216","[0:*,0:31,0:31]","31390,32,32",32143360,16777216,128573440,13196210.503067484,1956,25811787744,25586616800,1.0088,"ok,PAD,PAD","1,14,15",2,1,128573440,1024.0,210,27000422400,33124.5,no,,,,n/a (wildcards derived),,,,,,,cmip6_downscaled_pr_TaiESM1_ssp585_wcs_v2,petascopedb pointer,,"[0:31389,0:442,0:459]",float,-9999.000000,match,yes,"[0:31389,0:442,0:459]","marray <float,[D0(*:*),D1(*:*),D2(*:*)]>",ardac/cmip6_downscaled/wcs_ingest_scripts/pr_TaiESM1_ssp585_adjusted.json,,collection name differs from coverage id
cmip6_downscaled_pr_v2_wms,wms,no,ok,model scenario year X Y,"2,2,2,443,460",1,4,dbinfo (measured),aligned,"ALIGNED [0:*, 0:*, 0:*, 0:*, 0:*] tile size 16777216","[0:*,0:*,0:*,0:*,0:*]","2,2,2,443,460",1630240,16777216,6520960,543413.3333333334,6,3260480,6520960,0.5,"ok,ok,ok,ok,ok","1,1,1,1,1",0,1,6520960,203780.0,1,6520960,8.0,no,,,,n/a (wildcards derived),,,,,,,cmip6_downscaled_pr_wms_v2_2026_03_19_12_29_34_4856,petascopedb pointer,,"[0:1,0:1,0:1,0:442,0:459]",float,-9999.000000,match,yes,"[0:1,0:1,0:1,0:442,0:459]","marray <float,[D0(*:*),D1(*:*),D2(*:*),D3(*:*),D4(*:*)]>",ardac/cmip6_downscaled/wms_ingest_scripts/pr_wms_ingest.json,,collection name differs from coverage id
cmip6_downscaled_pr_wms,wms,no,ok,model scenario year X Y,"2,2,2,443,460",1,4,dbinfo (measured),aligned,,"[0:*,0:*,0:*,0:*,0:*]","2,2,2,443,460",1630240,16777216,6520960,543413.3333333334,6,3260480,6520960,0.5,"ok,ok,ok,ok,ok","1,1,1,1,1",0,1,6520960,203780.0,1,6520960,8.0,no,,,,,,,,,,,cmip6_downscaled_pr_wms_2025_11_03_14_15_09_5165,petascopedb pointer,,"[0:1,0:1,0:1,0:442,0:459]",float,-9999.000000,match,yes,"[0:1,0:1,0:1,0:442,0:459]","marray <float,[D0(*:*),D1(*:*),D2(*:*),D3(*:*),D4(*:*)]>",,,collection name differs from coverage id
cmip6_downscaled_tasmax_7ModelAvg_historical_v2_wcs,wcs,no,ok,ansi X Y,"18250,443,460",1,4,dbinfo (measured),aligned,"ALIGNED [0:*, 0:31, 0:31] tile size 16777216","[0:*,0:31,0:31]","18250,32,32",18688000,16777216,74752000,12267172.477905074,1222,14990484768,14875940000,1.0077,"ok,PAD,PAD","1,14,15",2,1,74752000,1024.0,210,15697920000,19258.4,no,,,,n/a (wildcards derived),,,,,,,cmip6_downscaled_tasmax_7ModelAvg_historical_wcs_v2,petascopedb pointer,,"[0:18249,0:442,0:459]",float,-9999.000000,match,yes,"[0:18249,0:442,0:459]","marray <float,[D0(*:*),D1(*:*),D2(*:*)]>",ardac/cmip6_downscaled/wcs_ingest_scripts/tasmax_7ModelAvg_historical_adjusted.json,,collection name differs from coverage id
cmip6_downscaled_tasmax_7ModelAvg_ssp126_v2_wcs,wcs,no,ok,ansi X Y,"31390,443,460",1,4,dbinfo (measured),aligned,"ALIGNED [0:*, 0:31, 0:31] tile size 16777216","[0:*,0:31,0:31]","31390,32,32",32143360,16777216,128573440,13196210.503067484,1956,25811787744,25586616800,1.0088,"ok,PAD,PAD","1,14,15",2,1,128573440,1024.0,210,27000422400,33124.5,no,,,,n/a (wildcards derived),,,,,,,cmip6_downscaled_tasmax_7ModelAvg_ssp126_wcs_v2,petascopedb pointer,,"[0:31389,0:442,0:459]",float,-9999.000000,match,yes,"[0:31389,0:442,0:459]","marray <float,[D0(*:*),D1(*:*),D2(*:*)]>",ardac/cmip6_downscaled/wcs_ingest_scripts/tasmax_7ModelAvg_ssp126_adjusted.json,,collection name differs from coverage id
cmip6_downscaled_tasmax_7ModelAvg_ssp245_v2_wcs,wcs,no,ok,ansi X Y,"31390,443,460",1,4,dbinfo (measured),aligned,"ALIGNED [0:*, 0:31, 0:31] tile size 16777216","[0:*,0:31,0:31]","31390,32,32",32143360,16777216,128573440,13196210.503067484,1956,25811787744,25586616800,1.0088,"ok,PAD,PAD","1,14,15",2,1,128573440,1024.0,210,27000422400,33124.5,no,,,,n/a (wildcards derived),,,,,,,cmip6_downscaled_tasmax_7ModelAvg_ssp245_wcs_v2,petascopedb pointer,,"[0:31389,0:442,0:459]",float,-9999.000000,match,yes,"[0:31389,0:442,0:459]","marray <float,[D0(*:*),D1(*:*),D2(*:*)]>",ardac/cmip6_downscaled/wcs_ingest_scripts/tasmax_7ModelAvg_ssp245_adjusted.json,,collection name differs from coverage id
cmip6_downscaled_tasmax_7ModelAvg_ssp370_v2_wcs,wcs,no,ok,ansi X Y,"31390,443,460",1,4,dbinfo (measured),aligned,"ALIGNED [0:*, 0:31, 0:31] tile size 16777216","[0:*,0:31,0:31]","31390,32,32",32143360,16777216,128573440,13196210.503067484,1956,25811787744,25586616800,1.0088,"ok,PAD,PAD","1,14,15",2,1,128573440,1024.0,210,27000422400,33124.5,no,,,,n/a (wildcards derived),,,,,,,cmip6_downscaled_tasmax_7ModelAvg_ssp370_wcs_v2,petascopedb pointer,,"[0:31389,0:442,0:459]",float,-9999.000000,match,yes,"[0:31389,0:442,0:459]","marray <float,[D0(*:*),D1(*:*),D2(*:*)]>",ardac/cmip6_downscaled/wcs_ingest_scripts/tasmax_7ModelAvg_ssp370_adjusted.json,,collection name differs from coverage id
cmip6_downscaled_tasmax_7ModelAvg_ssp585_v2_wcs,wcs,no,ok,ansi X Y,"31390,443,460",1,4,dbinfo (measured),aligned,"ALIGNED [0:*, 0:31, 0:31] tile size 16777216","[0:*,0:31,0:31]","31390,32,32",32143360,16777216,128573440,13196210.503067484,1956,25811787744,25586616800,1.0088,"ok,PAD,PAD","1,14,15",2,1,128573440,1024.0,210,27000422400,33124.5,no,,,,n/a (wildcards derived),,,,,,,cmip6_downscaled_tasmax_7ModelAvg_ssp585_wcs_v2,petascopedb pointer,,"[0:31389,0:442,0:459]",float,-9999.000000,match,yes,"[0:31389,0:442,0:459]","marray <float,[D0(*:*),D1(*:*),D2(*:*)]>",ardac/cmip6_downscaled/wcs_ingest_scripts/tasmax_7ModelAvg_ssp585_adjusted.json,,collection name differs from coverage id
cmip6_downscaled_tasmax_CNRM_CM6_1_HR_historical_v2_wcs,wcs,no,ok,ansi X Y,"18250,443,460",1,4,dbinfo (measured),aligned,"ALIGNED [0:*, 0:31, 0:31] tile size 16777216","[0:*,0:31,0:31]","18250,32,32",18688000,16777216,74752000,12267172.477905074,1222,14990484768,14875940000,1.0077,"ok,PAD,PAD","1,14,15",2,1,74752000,1024.0,210,15697920000,19258.4,no,,,,n/a (wildcards derived),,,,,,,cmip6_downscaled_tasmax_CNRM_CM6_1_HR_historical_wcs_v2,petascopedb pointer,,"[0:18249,0:442,0:459]",float,-9999.000000,match,yes,"[0:18249,0:442,0:459]","marray <float,[D0(*:*),D1(*:*),D2(*:*)]>",ardac/cmip6_downscaled/wcs_ingest_scripts/tasmax_CNRM-CM6-1-HR_historical_adjusted.json,,collection name differs from coverage id
cmip6_downscaled_tasmax_CNRM_CM6_1_HR_ssp126_v2_wcs,wcs,no,ok,ansi X Y,"31390,443,460",1,4,dbinfo (measured),aligned,"ALIGNED [0:*, 0:31, 0:31] tile size 16777216","[0:*,0:31,0:31]","31390,32,32",32143360,16777216,128573440,13196210.503067484,1956,25811787744,25586616800,1.0088,"ok,PAD,PAD","1,14,15",2,1,128573440,1024.0,210,27000422400,33124.5,no,,,,n/a (wildcards derived),,,,,,,cmip6_downscaled_tasmax_CNRM_CM6_1_HR_ssp126_wcs_v2,petascopedb pointer,,"[0:31389,0:442,0:459]",float,-9999.000000,match,yes,"[0:31389,0:442,0:459]","marray <float,[D0(*:*),D1(*:*),D2(*:*)]>",ardac/cmip6_downscaled/wcs_ingest_scripts/tasmax_CNRM-CM6-1-HR_ssp126_adjusted.json,,collection name differs from coverage id
cmip6_downscaled_tasmax_CNRM_CM6_1_HR_ssp585_v2_wcs,wcs,no,ok,ansi X Y,"31390,443,460",1,4,dbinfo (measured),aligned,"ALIGNED [0:*, 0:31, 0:31] tile size 16777216","[0:*,0:31,0:31]","31390,32,32",32143360,16777216,128573440,13196210.503067484,1956,25811787744,25586616800,1.0088,"ok,PAD,PAD","1,14,15",2,1,128573440,1024.0,210,27000422400,33124.5,no,,,,n/a (wildcards derived),,,,,,,cmip6_downscaled_tasmax_CNRM_CM6_1_HR_ssp585_wcs_v2,petascopedb pointer,,"[0:31389,0:442,0:459]",float,-9999.000000,match,yes,"[0:31389,0:442,0:459]","marray <float,[D0(*:*),D1(*:*),D2(*:*)]>",ardac/cmip6_downscaled/wcs_ingest_scripts/tasmax_CNRM-CM6-1-HR_ssp585_adjusted.json,,collection name differs from coverage id
cmip6_downscaled_tasmax_E3SM_2_0_historical_v2_wcs,wcs,no,ok,ansi X Y,"18250,443,460",1,4,dbinfo (measured),aligned,"ALIGNED [0:*, 0:31, 0:31] tile size 16777216","[0:*,0:31,0:31]","18250,32,32",18688000,16777216,74752000,12267172.477905074,1222,14990484768,14875940000,1.0077,"ok,PAD,PAD","1,14,15",2,1,74752000,1024.0,210,15697920000,19258.4,no,,,,n/a (wildcards derived),,,,,,,cmip6_downscaled_tasmax_E3SM_2_0_historical_wcs_v2,petascopedb pointer,,"[0:18249,0:442,0:459]",float,-9999.000000,match,yes,"[0:18249,0:442,0:459]","marray <float,[D0(*:*),D1(*:*),D2(*:*)]>",ardac/cmip6_downscaled/wcs_ingest_scripts/tasmax_E3SM-2-0_historical_adjusted.json,,collection name differs from coverage id
cmip6_downscaled_tasmax_E3SM_2_0_ssp370_v2_wcs,wcs,no,ok,ansi X Y,"31390,443,460",1,4,dbinfo (measured),aligned,"ALIGNED [0:*, 0:31, 0:31] tile size 16777216","[0:*,0:31,0:31]","31390,32,32",32143360,16777216,128573440,13196210.503067484,1956,25811787744,25586616800,1.0088,"ok,PAD,PAD","1,14,15",2,1,128573440,1024.0,210,27000422400,33124.5,no,,,,n/a (wildcards derived),,,,,,,cmip6_downscaled_tasmax_E3SM_2_0_ssp370_wcs_v2,petascopedb pointer,,"[0:31389,0:442,0:459]",float,-9999.000000,match,yes,"[0:31389,0:442,0:459]","marray <float,[D0(*:*),D1(*:*),D2(*:*)]>",ardac/cmip6_downscaled/wcs_ingest_scripts/tasmax_E3SM-2-0_ssp370_adjusted.json,,collection name differs from coverage id
cmip6_downscaled_tasmax_EC_Earth3_Veg_historical_v2_wcs,wcs,no,ok,ansi X Y,"18250,443,460",1,4,dbinfo (measured),aligned,"ALIGNED [0:*, 0:31, 0:31] tile size 16777216","[0:*,0:31,0:31]","18250,32,32",18688000,16777216,74752000,12267172.477905074,1222,14990484768,14875940000,1.0077,"ok,PAD,PAD","1,14,15",2,1,74752000,1024.0,210,15697920000,19258.4,no,,,,n/a (wildcards derived),,,,,,,cmip6_downscaled_tasmax_EC_Earth3_Veg_historical_wcs_v2,petascopedb pointer,,"[0:18249,0:442,0:459]",float,-9999.000000,match,yes,"[0:18249,0:442,0:459]","marray <float,[D0(*:*),D1(*:*),D2(*:*)]>",ardac/cmip6_downscaled/wcs_ingest_scripts/tasmax_EC-Earth3-Veg_historical_adjusted.json,,collection name differs from coverage id
cmip6_downscaled_tasmax_EC_Earth3_Veg_ssp370_v2_wcs,wcs,no,ok,ansi X Y,"31390,443,460",1,4,dbinfo (measured),aligned,"ALIGNED [0:*, 0:31, 0:31] tile size 16777216","[0:*,0:31,0:31]","31390,32,32",32143360,16777216,128573440,13196210.503067484,1956,25811787744,25586616800,1.0088,"ok,PAD,PAD","1,14,15",2,1,128573440,1024.0,210,27000422400,33124.5,no,,,,n/a (wildcards derived),,,,,,,cmip6_downscaled_tasmax_EC_Earth3_Veg_ssp370_wcs_v2,petascopedb pointer,,"[0:31389,0:442,0:459]",float,-9999.000000,match,yes,"[0:31389,0:442,0:459]","marray <float,[D0(*:*),D1(*:*),D2(*:*)]>",ardac/cmip6_downscaled/wcs_ingest_scripts/tasmax_EC-Earth3-Veg_ssp370_adjusted.json,,collection name differs from coverage id
cmip6_downscaled_tasmax_EC_Earth3_Veg_ssp585_v2_wcs,wcs,no,ok,ansi X Y,"31390,443,460",1,4,dbinfo (measured),aligned,"ALIGNED [0:*, 0:31, 0:31] tile size 16777216","[0:*,0:31,0:31]","31390,32,32",32143360,16777216,128573440,13196210.503067484,1956,25811787744,25586616800,1.0088,"ok,PAD,PAD","1,14,15",2,1,128573440,1024.0,210,27000422400,33124.5,no,,,,n/a (wildcards derived),,,,,,,cmip6_downscaled_tasmax_EC_Earth3_Veg_ssp585_wcs_v2,petascopedb pointer,,"[0:31389,0:442,0:459]",float,-9999.000000,match,yes,"[0:31389,0:442,0:459]","marray <float,[D0(*:*),D1(*:*),D2(*:*)]>",ardac/cmip6_downscaled/wcs_ingest_scripts/tasmax_EC-Earth3-Veg_ssp585_adjusted.json,,collection name differs from coverage id
cmip6_downscaled_tasmax_GFDL_ESM4_historical_v2_wcs,wcs,no,ok,ansi X Y,"18250,443,460",1,4,dbinfo (measured),aligned,"ALIGNED [0:*, 0:31, 0:31] tile size 16777216","[0:*,0:31,0:31]","18250,32,32",18688000,16777216,74752000,12267172.477905074,1222,14990484768,14875940000,1.0077,"ok,PAD,PAD","1,14,15",2,1,74752000,1024.0,210,15697920000,19258.4,no,,,,n/a (wildcards derived),,,,,,,cmip6_downscaled_tasmax_GFDL_ESM4_historical_wcs_v2,petascopedb pointer,,"[0:18249,0:442,0:459]",float,-9999.000000,match,yes,"[0:18249,0:442,0:459]","marray <float,[D0(*:*),D1(*:*),D2(*:*)]>",ardac/cmip6_downscaled/wcs_ingest_scripts/tasmax_GFDL-ESM4_historical_adjusted.json,,collection name differs from coverage id
cmip6_downscaled_tasmax_GFDL_ESM4_ssp126_v2_wcs,wcs,no,ok,ansi X Y,"31390,443,460",1,4,dbinfo (measured),aligned,"ALIGNED [0:*, 0:31, 0:31] tile size 16777216","[0:*,0:31,0:31]","31390,32,32",32143360,16777216,128573440,13196210.503067484,1956,25811787744,25586616800,1.0088,"ok,PAD,PAD","1,14,15",2,1,128573440,1024.0,210,27000422400,33124.5,no,,,,n/a (wildcards derived),,,,,,,cmip6_downscaled_tasmax_GFDL_ESM4_ssp126_wcs_v2,petascopedb pointer,,"[0:31389,0:442,0:459]",float,-9999.000000,match,yes,"[0:31389,0:442,0:459]","marray <float,[D0(*:*),D1(*:*),D2(*:*)]>",ardac/cmip6_downscaled/wcs_ingest_scripts/tasmax_GFDL-ESM4_ssp126_adjusted.json,,collection name differs from coverage id
cmip6_downscaled_tasmax_GFDL_ESM4_ssp245_v2_wcs,wcs,no,ok,ansi X Y,"31390,443,460",1,4,dbinfo (measured),aligned,"ALIGNED [0:*, 0:31, 0:31] tile size 16777216","[0:*,0:31,0:31]","31390,32,32",32143360,16777216,128573440,13196210.503067484,1956,25811787744,25586616800,1.0088,"ok,PAD,PAD","1,14,15",2,1,128573440,1024.0,210,27000422400,33124.5,no,,,,n/a (wildcards derived),,,,,,,cmip6_downscaled_tasmax_GFDL_ESM4_ssp245_wcs_v2,petascopedb pointer,,"[0:31389,0:442,0:459]",float,-9999.000000,match,yes,"[0:31389,0:442,0:459]","marray <float,[D0(*:*),D1(*:*),D2(*:*)]>",ardac/cmip6_downscaled/wcs_ingest_scripts/tasmax_GFDL-ESM4_ssp245_adjusted.json,,collection name differs from coverage id
cmip6_downscaled_tasmax_GFDL_ESM4_ssp370_v2_wcs,wcs,no,ok,ansi X Y,"31390,443,460",1,4,dbinfo (measured),aligned,"ALIGNED [0:*, 0:31, 0:31] tile size 16777216","[0:*,0:31,0:31]","31390,32,32",32143360,16777216,128573440,13196210.503067484,1956,25811787744,25586616800,1.0088,"ok,PAD,PAD","1,14,15",2,1,128573440,1024.0,210,27000422400,33124.5,no,,,,n/a (wildcards derived),,,,,,,cmip6_downscaled_tasmax_GFDL_ESM4_ssp370_wcs_v2,petascopedb pointer,,"[0:31389,0:442,0:459]",float,-9999.000000,match,yes,"[0:31389,0:442,0:459]","marray <float,[D0(*:*),D1(*:*),D2(*:*)]>",ardac/cmip6_downscaled/wcs_ingest_scripts/tasmax_GFDL-ESM4_ssp370_adjusted.json,,collection name differs from coverage id
cmip6_downscaled_tasmax_GFDL_ESM4_ssp585_v2_wcs,wcs,no,ok,ansi X Y,"31390,443,460",1,4,dbinfo (measured),aligned,"ALIGNED [0:*, 0:31, 0:31] tile size 16777216","[0:*,0:31,0:31]","31390,32,32",32143360,16777216,128573440,13196210.503067484,1956,25811787744,25586616800,1.0088,"ok,PAD,PAD","1,14,15",2,1,128573440,1024.0,210,27000422400,33124.5,no,,,,n/a (wildcards derived),,,,,,,cmip6_downscaled_tasmax_GFDL_ESM4_ssp585_wcs_v2,petascopedb pointer,,"[0:31389,0:442,0:459]",float,-9999.000000,match,yes,"[0:31389,0:442,0:459]","marray <float,[D0(*:*),D1(*:*),D2(*:*)]>",ardac/cmip6_downscaled/wcs_ingest_scripts/tasmax_GFDL-ESM4_ssp585_adjusted.json,,collection name differs from coverage id
cmip6_downscaled_tasmax_HadGEM3_GC31_LL_historical_v2_wcs,wcs,no,ok,ansi X Y,"18250,443,460",1,4,dbinfo (measured),aligned,"ALIGNED [0:*, 0:31, 0:31] tile size 16777216","[0:*,0:31,0:31]","18250,32,32",18688000,16777216,74752000,12267172.477905074,1222,14990484768,14875940000,1.0077,"ok,PAD,PAD","1,14,15",2,1,74752000,1024.0,210,15697920000,19258.4,no,,,,n/a (wildcards derived),,,,,,,cmip6_downscaled_tasmax_HadGEM3_GC31_LL_historical_wcs_v2,petascopedb pointer,,"[0:18249,0:442,0:459]",float,-9999.000000,match,yes,"[0:18249,0:442,0:459]","marray <float,[D0(*:*),D1(*:*),D2(*:*)]>",ardac/cmip6_downscaled/wcs_ingest_scripts/tasmax_HadGEM3-GC31-LL_historical_adjusted.json,,collection name differs from coverage id
cmip6_downscaled_tasmax_HadGEM3_GC31_LL_ssp126_v2_wcs,wcs,no,ok,ansi X Y,"31390,443,460",1,4,dbinfo (measured),aligned,"ALIGNED [0:*, 0:31, 0:31] tile size 16777216","[0:*,0:31,0:31]","31390,32,32",32143360,16777216,128573440,13196210.503067484,1956,25811787744,25586616800,1.0088,"ok,PAD,PAD","1,14,15",2,1,128573440,1024.0,210,27000422400,33124.5,no,,,,n/a (wildcards derived),,,,,,,cmip6_downscaled_tasmax_HadGEM3_GC31_LL_ssp126_wcs_v2,petascopedb pointer,,"[0:31389,0:442,0:459]",float,-9999.000000,match,yes,"[0:31389,0:442,0:459]","marray <float,[D0(*:*),D1(*:*),D2(*:*)]>",ardac/cmip6_downscaled/wcs_ingest_scripts/tasmax_HadGEM3-GC31-LL_ssp126_adjusted.json,,collection name differs from coverage id
cmip6_downscaled_tasmax_HadGEM3_GC31_LL_ssp245_v2_wcs,wcs,no,ok,ansi X Y,"31390,443,460",1,4,dbinfo (measured),aligned,"ALIGNED [0:*, 0:31, 0:31] tile size 16777216","[0:*,0:31,0:31]","31390,32,32",32143360,16777216,128573440,13196210.503067484,1956,25811787744,25586616800,1.0088,"ok,PAD,PAD","1,14,15",2,1,128573440,1024.0,210,27000422400,33124.5,no,,,,n/a (wildcards derived),,,,,,,cmip6_downscaled_tasmax_HadGEM3_GC31_LL_ssp245_wcs_v2,petascopedb pointer,,"[0:31389,0:442,0:459]",float,-9999.000000,match,yes,"[0:31389,0:442,0:459]","marray <float,[D0(*:*),D1(*:*),D2(*:*)]>",ardac/cmip6_downscaled/wcs_ingest_scripts/tasmax_HadGEM3-GC31-LL_ssp245_adjusted.json,,collection name differs from coverage id
cmip6_downscaled_tasmax_HadGEM3_GC31_LL_ssp585_v2_wcs,wcs,no,ok,ansi X Y,"31390,443,460",1,4,dbinfo (measured),aligned,"ALIGNED [0:*, 0:31, 0:31] tile size 16777216","[0:*,0:31,0:31]","31390,32,32",32143360,16777216,128573440,13196210.503067484,1956,25811787744,25586616800,1.0088,"ok,PAD,PAD","1,14,15",2,1,128573440,1024.0,210,27000422400,33124.5,no,,,,n/a (wildcards derived),,,,,,,cmip6_downscaled_tasmax_HadGEM3_GC31_LL_ssp585_wcs_v2,petascopedb pointer,,"[0:31389,0:442,0:459]",float,-9999.000000,match,yes,"[0:31389,0:442,0:459]","marray <float,[D0(*:*),D1(*:*),D2(*:*)]>",ardac/cmip6_downscaled/wcs_ingest_scripts/tasmax_HadGEM3-GC31-LL_ssp585_adjusted.json,,collection name differs from coverage id
cmip6_downscaled_tasmax_HadGEM3_GC31_MM_historical_v2_wcs,wcs,no,ok,ansi X Y,"18250,443,460",1,4,dbinfo (measured),aligned,"ALIGNED [0:*, 0:31, 0:31] tile size 16777216","[0:*,0:31,0:31]","18250,32,32",18688000,16777216,74752000,12267172.477905074,1222,14990484768,14875940000,1.0077,"ok,PAD,PAD","1,14,15",2,1,74752000,1024.0,210,15697920000,19258.4,no,,,,n/a (wildcards derived),,,,,,,cmip6_downscaled_tasmax_HadGEM3_GC31_MM_historical_wcs_v2,petascopedb pointer,,"[0:18249,0:442,0:459]",float,-9999.000000,match,yes,"[0:18249,0:442,0:459]","marray <float,[D0(*:*),D1(*:*),D2(*:*)]>",ardac/cmip6_downscaled/wcs_ingest_scripts/tasmax_HadGEM3-GC31-MM_historical_adjusted.json,,collection name differs from coverage id
cmip6_downscaled_tasmax_HadGEM3_GC31_MM_ssp126_v2_wcs,wcs,no,ok,ansi X Y,"31390,443,460",1,4,dbinfo (measured),aligned,"ALIGNED [0:*, 0:31, 0:31] tile size 16777216","[0:*,0:31,0:31]","31390,32,32",32143360,16777216,128573440,13196210.503067484,1956,25811787744,25586616800,1.0088,"ok,PAD,PAD","1,14,15",2,1,128573440,1024.0,210,27000422400,33124.5,no,,,,n/a (wildcards derived),,,,,,,cmip6_downscaled_tasmax_HadGEM3_GC31_MM_ssp126_wcs_v2,petascopedb pointer,,"[0:31389,0:442,0:459]",float,-9999.000000,match,yes,"[0:31389,0:442,0:459]","marray <float,[D0(*:*),D1(*:*),D2(*:*)]>",ardac/cmip6_downscaled/wcs_ingest_scripts/tasmax_HadGEM3-GC31-MM_ssp126_adjusted.json,,collection name differs from coverage id
cmip6_downscaled_tasmax_HadGEM3_GC31_MM_ssp585_v2_wcs,wcs,no,ok,ansi X Y,"31390,443,460",1,4,dbinfo (measured),aligned,"ALIGNED [0:*, 0:31, 0:31] tile size 16777216","[0:*,0:31,0:31]","31390,32,32",32143360,16777216,128573440,13196210.503067484,1956,25811787744,25586616800,1.0088,"ok,PAD,PAD","1,14,15",2,1,128573440,1024.0,210,27000422400,33124.5,no,,,,n/a (wildcards derived),,,,,,,cmip6_downscaled_tasmax_HadGEM3_GC31_MM_ssp585_wcs_v2,petascopedb pointer,,"[0:31389,0:442,0:459]",float,-9999.000000,match,yes,"[0:31389,0:442,0:459]","marray <float,[D0(*:*),D1(*:*),D2(*:*)]>",ardac/cmip6_downscaled/wcs_ingest_scripts/tasmax_HadGEM3-GC31-MM_ssp585_adjusted.json,,collection name differs from coverage id
cmip6_downscaled_tasmax_KACE_1_0_G_historical_v2_wcs,wcs,no,ok,ansi X Y,"18250,443,460",1,4,dbinfo (measured),aligned,"ALIGNED [0:*, 0:31, 0:31] tile size 16777216","[0:*,0:31,0:31]","18250,32,32",18688000,16777216,74752000,12267172.477905074,1222,14990484768,14875940000,1.0077,"ok,PAD,PAD","1,14,15",2,1,74752000,1024.0,210,15697920000,19258.4,no,,,,n/a (wildcards derived),,,,,,,cmip6_downscaled_tasmax_KACE_1_0_G_historical_wcs_v2,petascopedb pointer,,"[0:18249,0:442,0:459]",float,-9999.000000,match,yes,"[0:18249,0:442,0:459]","marray <float,[D0(*:*),D1(*:*),D2(*:*)]>",ardac/cmip6_downscaled/wcs_ingest_scripts/tasmax_KACE-1-0-G_historical_adjusted.json,,collection name differs from coverage id
cmip6_downscaled_tasmax_KACE_1_0_G_ssp126_v2_wcs,wcs,no,ok,ansi X Y,"31390,443,460",1,4,dbinfo (measured),aligned,"ALIGNED [0:*, 0:31, 0:31] tile size 16777216","[0:*,0:31,0:31]","31390,32,32",32143360,16777216,128573440,13196210.503067484,1956,25811787744,25586616800,1.0088,"ok,PAD,PAD","1,14,15",2,1,128573440,1024.0,210,27000422400,33124.5,no,,,,n/a (wildcards derived),,,,,,,cmip6_downscaled_tasmax_KACE_1_0_G_ssp126_wcs_v2,petascopedb pointer,,"[0:31389,0:442,0:459]",float,-9999.000000,match,yes,"[0:31389,0:442,0:459]","marray <float,[D0(*:*),D1(*:*),D2(*:*)]>",ardac/cmip6_downscaled/wcs_ingest_scripts/tasmax_KACE-1-0-G_ssp126_adjusted.json,,collection name differs from coverage id
cmip6_downscaled_tasmax_KACE_1_0_G_ssp245_v2_wcs,wcs,no,ok,ansi X Y,"31390,443,460",1,4,dbinfo (measured),aligned,"ALIGNED [0:*, 0:31, 0:31] tile size 16777216","[0:*,0:31,0:31]","31390,32,32",32143360,16777216,128573440,13196210.503067484,1956,25811787744,25586616800,1.0088,"ok,PAD,PAD","1,14,15",2,1,128573440,1024.0,210,27000422400,33124.5,no,,,,n/a (wildcards derived),,,,,,,cmip6_downscaled_tasmax_KACE_1_0_G_ssp245_wcs_v2,petascopedb pointer,,"[0:31389,0:442,0:459]",float,-9999.000000,match,yes,"[0:31389,0:442,0:459]","marray <float,[D0(*:*),D1(*:*),D2(*:*)]>",ardac/cmip6_downscaled/wcs_ingest_scripts/tasmax_KACE-1-0-G_ssp245_adjusted.json,,collection name differs from coverage id
cmip6_downscaled_tasmax_KACE_1_0_G_ssp370_v2_wcs,wcs,no,ok,ansi X Y,"31390,443,460",1,4,dbinfo (measured),aligned,"ALIGNED [0:*, 0:31, 0:31] tile size 16777216","[0:*,0:31,0:31]","31390,32,32",32143360,16777216,128573440,13196210.503067484,1956,25811787744,25586616800,1.0088,"ok,PAD,PAD","1,14,15",2,1,128573440,1024.0,210,27000422400,33124.5,no,,,,n/a (wildcards derived),,,,,,,cmip6_downscaled_tasmax_KACE_1_0_G_ssp370_wcs_v2,petascopedb pointer,,"[0:31389,0:442,0:459]",float,-9999.000000,match,yes,"[0:31389,0:442,0:459]","marray <float,[D0(*:*),D1(*:*),D2(*:*)]>",ardac/cmip6_downscaled/wcs_ingest_scripts/tasmax_KACE-1-0-G_ssp370_adjusted.json,,collection name differs from coverage id
cmip6_downscaled_tasmax_KACE_1_0_G_ssp585_v2_wcs,wcs,no,ok,ansi X Y,"31390,443,460",1,4,dbinfo (measured),aligned,"ALIGNED [0:*, 0:31, 0:31] tile size 16777216","[0:*,0:31,0:31]","31390,32,32",32143360,16777216,128573440,13196210.503067484,1956,25811787744,25586616800,1.0088,"ok,PAD,PAD","1,14,15",2,1,128573440,1024.0,210,27000422400,33124.5,no,,,,n/a (wildcards derived),,,,,,,cmip6_downscaled_tasmax_KACE_1_0_G_ssp585_wcs_v2,petascopedb pointer,,"[0:31389,0:442,0:459]",float,-9999.000000,match,yes,"[0:31389,0:442,0:459]","marray <float,[D0(*:*),D1(*:*),D2(*:*)]>",ardac/cmip6_downscaled/wcs_ingest_scripts/tasmax_KACE-1-0-G_ssp585_adjusted.json,,collection name differs from coverage id
cmip6_downscaled_tasmax_MIROC6_historical_v2_wcs,wcs,no,ok,ansi X Y,"18250,443,460",1,4,dbinfo (measured),aligned,"ALIGNED [0:*, 0:31, 0:31] tile size 16777216","[0:*,0:31,0:31]","18250,32,32",18688000,16777216,74752000,12267172.477905074,1222,14990484768,14875940000,1.0077,"ok,PAD,PAD","1,14,15",2,1,74752000,1024.0,210,15697920000,19258.4,no,,,,n/a (wildcards derived),,,,,,,cmip6_downscaled_tasmax_MIROC6_historical_wcs_v2,petascopedb pointer,,"[0:18249,0:442,0:459]",float,-9999.000000,match,yes,"[0:18249,0:442,0:459]","marray <float,[D0(*:*),D1(*:*),D2(*:*)]>",ardac/cmip6_downscaled/wcs_ingest_scripts/tasmax_MIROC6_historical_adjusted.json,,collection name differs from coverage id
cmip6_downscaled_tasmax_MIROC6_ssp126_v2_wcs,wcs,no,ok,ansi X Y,"31390,443,460",1,4,dbinfo (measured),aligned,"ALIGNED [0:*, 0:31, 0:31] tile size 16777216","[0:*,0:31,0:31]","31390,32,32",32143360,16777216,128573440,13196210.503067484,1956,25811787744,25586616800,1.0088,"ok,PAD,PAD","1,14,15",2,1,128573440,1024.0,210,27000422400,33124.5,no,,,,n/a (wildcards derived),,,,,,,cmip6_downscaled_tasmax_MIROC6_ssp126_wcs_v2,petascopedb pointer,,"[0:31389,0:442,0:459]",float,-9999.000000,match,yes,"[0:31389,0:442,0:459]","marray <float,[D0(*:*),D1(*:*),D2(*:*)]>",ardac/cmip6_downscaled/wcs_ingest_scripts/tasmax_MIROC6_ssp126_adjusted.json,,collection name differs from coverage id
cmip6_downscaled_tasmax_MIROC6_ssp245_v2_wcs,wcs,no,ok,ansi X Y,"31390,443,460",1,4,dbinfo (measured),aligned,"ALIGNED [0:*, 0:31, 0:31] tile size 16777216","[0:*,0:31,0:31]","31390,32,32",32143360,16777216,128573440,13196210.503067484,1956,25811787744,25586616800,1.0088,"ok,PAD,PAD","1,14,15",2,1,128573440,1024.0,210,27000422400,33124.5,no,,,,n/a (wildcards derived),,,,,,,cmip6_downscaled_tasmax_MIROC6_ssp245_wcs_v2,petascopedb pointer,,"[0:31389,0:442,0:459]",float,-9999.000000,match,yes,"[0:31389,0:442,0:459]","marray <float,[D0(*:*),D1(*:*),D2(*:*)]>",ardac/cmip6_downscaled/wcs_ingest_scripts/tasmax_MIROC6_ssp245_adjusted.json,,collection name differs from coverage id
cmip6_downscaled_tasmax_MIROC6_ssp370_v2_wcs,wcs,no,ok,ansi X Y,"31390,443,460",1,4,dbinfo (measured),aligned,"ALIGNED [0:*, 0:31, 0:31] tile size 16777216","[0:*,0:31,0:31]","31390,32,32",32143360,16777216,128573440,13196210.503067484,1956,25811787744,25586616800,1.0088,"ok,PAD,PAD","1,14,15",2,1,128573440,1024.0,210,27000422400,33124.5,no,,,,n/a (wildcards derived),,,,,,,cmip6_downscaled_tasmax_MIROC6_ssp370_wcs_v2,petascopedb pointer,,"[0:31389,0:442,0:459]",float,-9999.000000,match,yes,"[0:31389,0:442,0:459]","marray <float,[D0(*:*),D1(*:*),D2(*:*)]>",ardac/cmip6_downscaled/wcs_ingest_scripts/tasmax_MIROC6_ssp370_adjusted.json,,collection name differs from coverage id
cmip6_downscaled_tasmax_MIROC6_ssp585_v2_wcs,wcs,no,ok,ansi X Y,"31390,443,460",1,4,dbinfo (measured),aligned,"ALIGNED [0:*, 0:31, 0:31] tile size 16777216","[0:*,0:31,0:31]","31390,32,32",32143360,16777216,128573440,13196210.503067484,1956,25811787744,25586616800,1.0088,"ok,PAD,PAD","1,14,15",2,1,128573440,1024.0,210,27000422400,33124.5,no,,,,n/a (wildcards derived),,,,,,,cmip6_downscaled_tasmax_MIROC6_ssp585_wcs_v2,petascopedb pointer,,"[0:31389,0:442,0:459]",float,-9999.000000,match,yes,"[0:31389,0:442,0:459]","marray <float,[D0(*:*),D1(*:*),D2(*:*)]>",ardac/cmip6_downscaled/wcs_ingest_scripts/tasmax_MIROC6_ssp585_adjusted.json,,collection name differs from coverage id
cmip6_downscaled_tasmax_MPI_ESM1_2_HR_historical_v2_wcs,wcs,no,ok,ansi X Y,"18250,443,460",1,4,dbinfo (measured),aligned,"ALIGNED [0:*, 0:31, 0:31] tile size 16777216","[0:*,0:31,0:31]","18250,32,32",18688000,16777216,74752000,12267172.477905074,1222,14990484768,14875940000,1.0077,"ok,PAD,PAD","1,14,15",2,1,74752000,1024.0,210,15697920000,19258.4,no,,,,n/a (wildcards derived),,,,,,,cmip6_downscaled_tasmax_MPI_ESM1_2_HR_historical_wcs_v2,petascopedb pointer,,"[0:18249,0:442,0:459]",float,-9999.000000,match,yes,"[0:18249,0:442,0:459]","marray <float,[D0(*:*),D1(*:*),D2(*:*)]>",ardac/cmip6_downscaled/wcs_ingest_scripts/tasmax_MPI-ESM1-2-HR_historical_adjusted.json,,collection name differs from coverage id
cmip6_downscaled_tasmax_MPI_ESM1_2_HR_ssp126_v2_wcs,wcs,no,ok,ansi X Y,"31390,443,460",1,4,dbinfo (measured),aligned,"ALIGNED [0:*, 0:31, 0:31] tile size 16777216","[0:*,0:31,0:31]","31390,32,32",32143360,16777216,128573440,13196210.503067484,1956,25811787744,25586616800,1.0088,"ok,PAD,PAD","1,14,15",2,1,128573440,1024.0,210,27000422400,33124.5,no,,,,n/a (wildcards derived),,,,,,,cmip6_downscaled_tasmax_MPI_ESM1_2_HR_ssp126_wcs_v2,petascopedb pointer,,"[0:31389,0:442,0:459]",float,-9999.000000,match,yes,"[0:31389,0:442,0:459]","marray <float,[D0(*:*),D1(*:*),D2(*:*)]>",ardac/cmip6_downscaled/wcs_ingest_scripts/tasmax_MPI-ESM1-2-HR_ssp126_adjusted.json,,collection name differs from coverage id
cmip6_downscaled_tasmax_MPI_ESM1_2_HR_ssp245_v2_wcs,wcs,no,ok,ansi X Y,"31390,443,460",1,4,dbinfo (measured),aligned,"ALIGNED [0:*, 0:31, 0:31] tile size 16777216","[0:*,0:31,0:31]","31390,32,32",32143360,16777216,128573440,13196210.503067484,1956,25811787744,25586616800,1.0088,"ok,PAD,PAD","1,14,15",2,1,128573440,1024.0,210,27000422400,33124.5,no,,,,n/a (wildcards derived),,,,,,,cmip6_downscaled_tasmax_MPI_ESM1_2_HR_ssp245_wcs_v2,petascopedb pointer,,"[0:31389,0:442,0:459]",float,-9999.000000,match,yes,"[0:31389,0:442,0:459]","marray <float,[D0(*:*),D1(*:*),D2(*:*)]>",ardac/cmip6_downscaled/wcs_ingest_scripts/tasmax_MPI-ESM1-2-HR_ssp245_adjusted.json,,collection name differs from coverage id
cmip6_downscaled_tasmax_MPI_ESM1_2_HR_ssp370_v2_wcs,wcs,no,ok,ansi X Y,"31390,443,460",1,4,dbinfo (measured),aligned,"ALIGNED [0:*, 0:31, 0:31] tile size 16777216","[0:*,0:31,0:31]","31390,32,32",32143360,16777216,128573440,13196210.503067484,1956,25811787744,25586616800,1.0088,"ok,PAD,PAD","1,14,15",2,1,128573440,1024.0,210,27000422400,33124.5,no,,,,n/a (wildcards derived),,,,,,,cmip6_downscaled_tasmax_MPI_ESM1_2_HR_ssp370_wcs_v2,petascopedb pointer,,"[0:31389,0:442,0:459]",float,-9999.000000,match,yes,"[0:31389,0:442,0:459]","marray <float,[D0(*:*),D1(*:*),D2(*:*)]>",ardac/cmip6_downscaled/wcs_ingest_scripts/tasmax_MPI-ESM1-2-HR_ssp370_adjusted.json,,collection name differs from coverage id
cmip6_downscaled_tasmax_MPI_ESM1_2_HR_ssp585_v2_wcs,wcs,no,ok,ansi X Y,"31390,443,460",1,4,dbinfo (measured),aligned,"ALIGNED [0:*, 0:31, 0:31] tile size 16777216","[0:*,0:31,0:31]","31390,32,32",32143360,16777216,128573440,13196210.503067484,1956,25811787744,25586616800,1.0088,"ok,PAD,PAD","1,14,15",2,1,128573440,1024.0,210,27000422400,33124.5,no,,,,n/a (wildcards derived),,,,,,,cmip6_downscaled_tasmax_MPI_ESM1_2_HR_ssp585_wcs_v2,petascopedb pointer,,"[0:31389,0:442,0:459]",float,-9999.000000,match,yes,"[0:31389,0:442,0:459]","marray <float,[D0(*:*),D1(*:*),D2(*:*)]>",ardac/cmip6_downscaled/wcs_ingest_scripts/tasmax_MPI-ESM1-2-HR_ssp585_adjusted.json,,collection name differs from coverage id
cmip6_downscaled_tasmax_MRI_ESM2_0_historical_v2_wcs,wcs,no,ok,ansi X Y,"18250,443,460",1,4,dbinfo (measured),aligned,"ALIGNED [0:*, 0:31, 0:31] tile size 16777216","[0:*,0:31,0:31]","18250,32,32",18688000,16777216,74752000,12267172.477905074,1222,14990484768,14875940000,1.0077,"ok,PAD,PAD","1,14,15",2,1,74752000,1024.0,210,15697920000,19258.4,no,,,,n/a (wildcards derived),,,,,,,cmip6_downscaled_tasmax_MRI_ESM2_0_historical_wcs_v2,petascopedb pointer,,"[0:18249,0:442,0:459]",float,-9999.000000,match,yes,"[0:18249,0:442,0:459]","marray <float,[D0(*:*),D1(*:*),D2(*:*)]>",ardac/cmip6_downscaled/wcs_ingest_scripts/tasmax_MRI-ESM2-0_historical_adjusted.json,,collection name differs from coverage id
cmip6_downscaled_tasmax_MRI_ESM2_0_ssp126_v2_wcs,wcs,no,ok,ansi X Y,"31390,443,460",1,4,dbinfo (measured),aligned,"ALIGNED [0:*, 0:31, 0:31] tile size 16777216","[0:*,0:31,0:31]","31390,32,32",32143360,16777216,128573440,13196210.503067484,1956,25811787744,25586616800,1.0088,"ok,PAD,PAD","1,14,15",2,1,128573440,1024.0,210,27000422400,33124.5,no,,,,n/a (wildcards derived),,,,,,,cmip6_downscaled_tasmax_MRI_ESM2_0_ssp126_wcs_v2,petascopedb pointer,,"[0:31389,0:442,0:459]",float,-9999.000000,match,yes,"[0:31389,0:442,0:459]","marray <float,[D0(*:*),D1(*:*),D2(*:*)]>",ardac/cmip6_downscaled/wcs_ingest_scripts/tasmax_MRI-ESM2-0_ssp126_adjusted.json,,collection name differs from coverage id
cmip6_downscaled_tasmax_MRI_ESM2_0_ssp245_v2_wcs,wcs,no,ok,ansi X Y,"31390,443,460",1,4,dbinfo (measured),aligned,"ALIGNED [0:*, 0:31, 0:31] tile size 16777216","[0:*,0:31,0:31]","31390,32,32",32143360,16777216,128573440,13196210.503067484,1956,25811787744,25586616800,1.0088,"ok,PAD,PAD","1,14,15",2,1,128573440,1024.0,210,27000422400,33124.5,no,,,,n/a (wildcards derived),,,,,,,cmip6_downscaled_tasmax_MRI_ESM2_0_ssp245_wcs_v2,petascopedb pointer,,"[0:31389,0:442,0:459]",float,-9999.000000,match,yes,"[0:31389,0:442,0:459]","marray <float,[D0(*:*),D1(*:*),D2(*:*)]>",ardac/cmip6_downscaled/wcs_ingest_scripts/tasmax_MRI-ESM2-0_ssp245_adjusted.json,,collection name differs from coverage id
cmip6_downscaled_tasmax_MRI_ESM2_0_ssp370_v2_wcs,wcs,no,ok,ansi X Y,"31390,443,460",1,4,dbinfo (measured),aligned,"ALIGNED [0:*, 0:31, 0:31] tile size 16777216","[0:*,0:31,0:31]","31390,32,32",32143360,16777216,128573440,13196210.503067484,1956,25811787744,25586616800,1.0088,"ok,PAD,PAD","1,14,15",2,1,128573440,1024.0,210,27000422400,33124.5,no,,,,n/a (wildcards derived),,,,,,,cmip6_downscaled_tasmax_MRI_ESM2_0_ssp370_wcs_v2,petascopedb pointer,,"[0:31389,0:442,0:459]",float,-9999.000000,match,yes,"[0:31389,0:442,0:459]","marray <float,[D0(*:*),D1(*:*),D2(*:*)]>",ardac/cmip6_downscaled/wcs_ingest_scripts/tasmax_MRI-ESM2-0_ssp370_adjusted.json,,collection name differs from coverage id
cmip6_downscaled_tasmax_MRI_ESM2_0_ssp585_v2_wcs,wcs,no,ok,ansi X Y,"31390,443,460",1,4,dbinfo (measured),aligned,"ALIGNED [0:*, 0:31, 0:31] tile size 16777216","[0:*,0:31,0:31]","31390,32,32",32143360,16777216,128573440,13196210.503067484,1956,25811787744,25586616800,1.0088,"ok,PAD,PAD","1,14,15",2,1,128573440,1024.0,210,27000422400,33124.5,no,,,,n/a (wildcards derived),,,,,,,cmip6_downscaled_tasmax_MRI_ESM2_0_ssp585_wcs_v2,petascopedb pointer,,"[0:31389,0:442,0:459]",float,-9999.000000,match,yes,"[0:31389,0:442,0:459]","marray <float,[D0(*:*),D1(*:*),D2(*:*)]>",ardac/cmip6_downscaled/wcs_ingest_scripts/tasmax_MRI-ESM2-0_ssp585_adjusted.json,,collection name differs from coverage id
cmip6_downscaled_tasmax_NorESM2_MM_historical_v2_wcs,wcs,no,ok,ansi X Y,"18250,443,460",1,4,dbinfo (measured),aligned,"ALIGNED [0:*, 0:31, 0:31] tile size 16777216","[0:*,0:31,0:31]","18250,32,32",18688000,16777216,74752000,12267172.477905074,1222,14990484768,14875940000,1.0077,"ok,PAD,PAD","1,14,15",2,1,74752000,1024.0,210,15697920000,19258.4,no,,,,n/a (wildcards derived),,,,,,,cmip6_downscaled_tasmax_NorESM2_MM_historical_wcs_v2,petascopedb pointer,,"[0:18249,0:442,0:459]",float,-9999.000000,match,yes,"[0:18249,0:442,0:459]","marray <float,[D0(*:*),D1(*:*),D2(*:*)]>",ardac/cmip6_downscaled/wcs_ingest_scripts/tasmax_NorESM2-MM_historical_adjusted.json,,collection name differs from coverage id
cmip6_downscaled_tasmax_NorESM2_MM_ssp126_v2_wcs,wcs,no,ok,ansi X Y,"31390,443,460",1,4,dbinfo (measured),aligned,"ALIGNED [0:*, 0:31, 0:31] tile size 16777216","[0:*,0:31,0:31]","31390,32,32",32143360,16777216,128573440,13196210.503067484,1956,25811787744,25586616800,1.0088,"ok,PAD,PAD","1,14,15",2,1,128573440,1024.0,210,27000422400,33124.5,no,,,,n/a (wildcards derived),,,,,,,cmip6_downscaled_tasmax_NorESM2_MM_ssp126_wcs_v2,petascopedb pointer,,"[0:31389,0:442,0:459]",float,-9999.000000,match,yes,"[0:31389,0:442,0:459]","marray <float,[D0(*:*),D1(*:*),D2(*:*)]>",ardac/cmip6_downscaled/wcs_ingest_scripts/tasmax_NorESM2-MM_ssp126_adjusted.json,,collection name differs from coverage id
cmip6_downscaled_tasmax_NorESM2_MM_ssp245_v2_wcs,wcs,no,ok,ansi X Y,"31390,443,460",1,4,dbinfo (measured),aligned,"ALIGNED [0:*, 0:31, 0:31] tile size 16777216","[0:*,0:31,0:31]","31390,32,32",32143360,16777216,128573440,13196210.503067484,1956,25811787744,25586616800,1.0088,"ok,PAD,PAD","1,14,15",2,1,128573440,1024.0,210,27000422400,33124.5,no,,,,n/a (wildcards derived),,,,,,,cmip6_downscaled_tasmax_NorESM2_MM_ssp245_wcs_v2,petascopedb pointer,,"[0:31389,0:442,0:459]",float,-9999.000000,match,yes,"[0:31389,0:442,0:459]","marray <float,[D0(*:*),D1(*:*),D2(*:*)]>",ardac/cmip6_downscaled/wcs_ingest_scripts/tasmax_NorESM2-MM_ssp245_adjusted.json,,collection name differs from coverage id
cmip6_downscaled_tasmax_NorESM2_MM_ssp370_v2_wcs,wcs,no,ok,ansi X Y,"31390,443,460",1,4,dbinfo (measured),aligned,"ALIGNED [0:*, 0:31, 0:31] tile size 16777216","[0:*,0:31,0:31]","31390,32,32",32143360,16777216,128573440,13196210.503067484,1956,25811787744,25586616800,1.0088,"ok,PAD,PAD","1,14,15",2,1,128573440,1024.0,210,27000422400,33124.5,no,,,,n/a (wildcards derived),,,,,,,cmip6_downscaled_tasmax_NorESM2_MM_ssp370_wcs_v2,petascopedb pointer,,"[0:31389,0:442,0:459]",float,-9999.000000,match,yes,"[0:31389,0:442,0:459]","marray <float,[D0(*:*),D1(*:*),D2(*:*)]>",ardac/cmip6_downscaled/wcs_ingest_scripts/tasmax_NorESM2-MM_ssp370_adjusted.json,,collection name differs from coverage id
cmip6_downscaled_tasmax_NorESM2_MM_ssp585_v2_wcs,wcs,no,ok,ansi X Y,"31390,443,460",1,4,dbinfo (measured),aligned,"ALIGNED [0:*, 0:31, 0:31] tile size 16777216","[0:*,0:31,0:31]","31390,32,32",32143360,16777216,128573440,13196210.503067484,1956,25811787744,25586616800,1.0088,"ok,PAD,PAD","1,14,15",2,1,128573440,1024.0,210,27000422400,33124.5,no,,,,n/a (wildcards derived),,,,,,,cmip6_downscaled_tasmax_NorESM2_MM_ssp585_wcs_v2,petascopedb pointer,,"[0:31389,0:442,0:459]",float,-9999.000000,match,yes,"[0:31389,0:442,0:459]","marray <float,[D0(*:*),D1(*:*),D2(*:*)]>",ardac/cmip6_downscaled/wcs_ingest_scripts/tasmax_NorESM2-MM_ssp585_adjusted.json,,collection name differs from coverage id
cmip6_downscaled_tasmax_TaiESM1_historical_v2_wcs,wcs,no,ok,ansi X Y,"18250,443,460",1,4,dbinfo (measured),aligned,"ALIGNED [0:*, 0:31, 0:31] tile size 16777216","[0:*,0:31,0:31]","18250,32,32",18688000,16777216,74752000,12267172.477905074,1222,14990484768,14875940000,1.0077,"ok,PAD,PAD","1,14,15",2,1,74752000,1024.0,210,15697920000,19258.4,no,,,,n/a (wildcards derived),,,,,,,cmip6_downscaled_tasmax_TaiESM1_historical_wcs_v2,petascopedb pointer,,"[0:18249,0:442,0:459]",float,-9999.000000,match,yes,"[0:18249,0:442,0:459]","marray <float,[D0(*:*),D1(*:*),D2(*:*)]>",ardac/cmip6_downscaled/wcs_ingest_scripts/tasmax_TaiESM1_historical_adjusted.json,,collection name differs from coverage id
cmip6_downscaled_tasmax_TaiESM1_ssp126_v2_wcs,wcs,no,ok,ansi X Y,"31390,443,460",1,4,dbinfo (measured),aligned,"ALIGNED [0:*, 0:31, 0:31] tile size 16777216","[0:*,0:31,0:31]","31390,32,32",32143360,16777216,128573440,13196210.503067484,1956,25811787744,25586616800,1.0088,"ok,PAD,PAD","1,14,15",2,1,128573440,1024.0,210,27000422400,33124.5,no,,,,n/a (wildcards derived),,,,,,,cmip6_downscaled_tasmax_TaiESM1_ssp126_wcs_v2,petascopedb pointer,,"[0:31389,0:442,0:459]",float,-9999.000000,match,yes,"[0:31389,0:442,0:459]","marray <float,[D0(*:*),D1(*:*),D2(*:*)]>",ardac/cmip6_downscaled/wcs_ingest_scripts/tasmax_TaiESM1_ssp126_adjusted.json,,collection name differs from coverage id
cmip6_downscaled_tasmax_TaiESM1_ssp245_v2_wcs,wcs,no,ok,ansi X Y,"31390,443,460",1,4,dbinfo (measured),aligned,"ALIGNED [0:*, 0:31, 0:31] tile size 16777216","[0:*,0:31,0:31]","31390,32,32",32143360,16777216,128573440,13196210.503067484,1956,25811787744,25586616800,1.0088,"ok,PAD,PAD","1,14,15",2,1,128573440,1024.0,210,27000422400,33124.5,no,,,,n/a (wildcards derived),,,,,,,cmip6_downscaled_tasmax_TaiESM1_ssp245_wcs_v2,petascopedb pointer,,"[0:31389,0:442,0:459]",float,-9999.000000,match,yes,"[0:31389,0:442,0:459]","marray <float,[D0(*:*),D1(*:*),D2(*:*)]>",ardac/cmip6_downscaled/wcs_ingest_scripts/tasmax_TaiESM1_ssp245_adjusted.json,,collection name differs from coverage id
cmip6_downscaled_tasmax_TaiESM1_ssp370_v2_wcs,wcs,no,ok,ansi X Y,"31390,443,460",1,4,dbinfo (measured),aligned,"ALIGNED [0:*, 0:31, 0:31] tile size 16777216","[0:*,0:31,0:31]","31390,32,32",32143360,16777216,128573440,13196210.503067484,1956,25811787744,25586616800,1.0088,"ok,PAD,PAD","1,14,15",2,1,128573440,1024.0,210,27000422400,33124.5,no,,,,n/a (wildcards derived),,,,,,,cmip6_downscaled_tasmax_TaiESM1_ssp370_wcs_v2,petascopedb pointer,,"[0:31389,0:442,0:459]",float,-9999.000000,match,yes,"[0:31389,0:442,0:459]","marray <float,[D0(*:*),D1(*:*),D2(*:*)]>",ardac/cmip6_downscaled/wcs_ingest_scripts/tasmax_TaiESM1_ssp370_adjusted.json,,collection name differs from coverage id
cmip6_downscaled_tasmax_TaiESM1_ssp585_v2_wcs,wcs,no,ok,ansi X Y,"31390,443,460",1,4,dbinfo (measured),aligned,"ALIGNED [0:*, 0:31, 0:31] tile size 16777216","[0:*,0:31,0:31]","31390,32,32",32143360,16777216,128573440,13196210.503067484,1956,25811787744,25586616800,1.0088,"ok,PAD,PAD","1,14,15",2,1,128573440,1024.0,210,27000422400,33124.5,no,,,,n/a (wildcards derived),,,,,,,cmip6_downscaled_tasmax_TaiESM1_ssp585_wcs_v2,petascopedb pointer,,"[0:31389,0:442,0:459]",float,-9999.000000,match,yes,"[0:31389,0:442,0:459]","marray <float,[D0(*:*),D1(*:*),D2(*:*)]>",ardac/cmip6_downscaled/wcs_ingest_scripts/tasmax_TaiESM1_ssp585_adjusted.json,,collection name differs from coverage id
cmip6_downscaled_tasmax_v2_wms,wms,no,ok,model scenario year X Y,"2,2,2,443,460",1,4,dbinfo (measured),aligned,"ALIGNED [0:*, 0:*, 0:*, 0:*, 0:*] tile size 16777216","[0:*,0:*,0:*,0:*,0:*]","2,2,2,443,460",1630240,16777216,6520960,543413.3333333334,6,3260480,6520960,0.5,"ok,ok,ok,ok,ok","1,1,1,1,1",0,1,6520960,203780.0,1,6520960,8.0,no,,,,n/a (wildcards derived),,,,,,,cmip6_downscaled_tasmax_wms_v2_2026_03_19_12_52_15_9385,petascopedb pointer,,"[0:1,0:1,0:1,0:442,0:459]",float,-9999.000000,match,yes,"[0:1,0:1,0:1,0:442,0:459]","marray <float,[D0(*:*),D1(*:*),D2(*:*),D3(*:*),D4(*:*)]>",ardac/cmip6_downscaled/wms_ingest_scripts/tasmax_wms_ingest.json,,collection name differs from coverage id
cmip6_downscaled_tasmax_v2_wms_test,wms,yes,ok,model scenario year X Y,"1,1,1,1,1",1,4,dbinfo (measured),aligned,,"[0:*,0:*,0:*,0:*,0:*]","1,1,1,1,1",1,16777216,4,4.0,1,4,4,1.0,"ok,ok,ok,ok,ok","1,1,1,1,1",0,1,4,1.0,1,4,1.0,no,,,,,,,,,,,cmip6_downscaled_tasmax_v2_wms_test,petascopedb pointer,,"[0:0,0:0,0:0,0:0,0:0]",float,-9999.000000,match,yes,"[0:0,0:0,0:0,0:0,0:0]","marray <float,[D0(*:*),D1(*:*),D2(*:*),D3(*:*),D4(*:*)]>",,,
cmip6_downscaled_tasmax_wms,wms,no,ok,model scenario year X Y,"2,2,2,443,460",1,4,dbinfo (measured),aligned,,"[0:*,0:*,0:*,0:*,0:*]","2,2,2,443,460",1630240,16777216,6520960,543413.3333333334,6,3260480,6520960,0.5,"ok,ok,ok,ok,ok","1,1,1,1,1",0,1,6520960,203780.0,1,6520960,8.0,no,,,,,,,,,,,cmip6_downscaled_tasmax_wms_2025_11_03_14_12_25_6557,petascopedb pointer,,"[0:1,0:1,0:1,0:442,0:459]",float,-9999.000000,match,yes,"[0:1,0:1,0:1,0:442,0:459]","marray <float,[D0(*:*),D1(*:*),D2(*:*),D3(*:*),D4(*:*)]>",,,collection name differs from coverage id
cmip6_downscaled_tasmin_7ModelAvg_historical_v2_wcs,wcs,no,ok,ansi X Y,"18250,443,460",1,4,dbinfo (measured),aligned,"ALIGNED [0:*, 0:31, 0:31] tile size 16777216","[0:*,0:31,0:31]","18250,32,32",18688000,16777216,74752000,12267172.477905074,1222,14990484768,14875940000,1.0077,"ok,PAD,PAD","1,14,15",2,1,74752000,1024.0,210,15697920000,19258.4,no,,,,n/a (wildcards derived),,,,,,,cmip6_downscaled_tasmin_7ModelAvg_historical_wcs_v2,petascopedb pointer,,"[0:18249,0:442,0:459]",float,-9999.000000,match,yes,"[0:18249,0:442,0:459]","marray <float,[D0(*:*),D1(*:*),D2(*:*)]>",ardac/cmip6_downscaled/wcs_ingest_scripts/tasmin_7ModelAvg_historical_adjusted.json,,collection name differs from coverage id
cmip6_downscaled_tasmin_7ModelAvg_ssp126_v2_wcs,wcs,no,ok,ansi X Y,"31390,443,460",1,4,dbinfo (measured),aligned,"ALIGNED [0:*, 0:31, 0:31] tile size 16777216","[0:*,0:31,0:31]","31390,32,32",32143360,16777216,128573440,13196210.503067484,1956,25811787744,25586616800,1.0088,"ok,PAD,PAD","1,14,15",2,1,128573440,1024.0,210,27000422400,33124.5,no,,,,n/a (wildcards derived),,,,,,,cmip6_downscaled_tasmin_7ModelAvg_ssp126_wcs_v2,petascopedb pointer,,"[0:31389,0:442,0:459]",float,-9999.000000,match,yes,"[0:31389,0:442,0:459]","marray <float,[D0(*:*),D1(*:*),D2(*:*)]>",ardac/cmip6_downscaled/wcs_ingest_scripts/tasmin_7ModelAvg_ssp126_adjusted.json,,collection name differs from coverage id
cmip6_downscaled_tasmin_7ModelAvg_ssp245_v2_wcs,wcs,no,ok,ansi X Y,"31390,443,460",1,4,dbinfo (measured),aligned,"ALIGNED [0:*, 0:31, 0:31] tile size 16777216","[0:*,0:31,0:31]","31390,32,32",32143360,16777216,128573440,13196210.503067484,1956,25811787744,25586616800,1.0088,"ok,PAD,PAD","1,14,15",2,1,128573440,1024.0,210,27000422400,33124.5,no,,,,n/a (wildcards derived),,,,,,,cmip6_downscaled_tasmin_7ModelAvg_ssp245_wcs_v2,petascopedb pointer,,"[0:31389,0:442,0:459]",float,-9999.000000,match,yes,"[0:31389,0:442,0:459]","marray <float,[D0(*:*),D1(*:*),D2(*:*)]>",ardac/cmip6_downscaled/wcs_ingest_scripts/tasmin_7ModelAvg_ssp245_adjusted.json,,collection name differs from coverage id
cmip6_downscaled_tasmin_7ModelAvg_ssp370_v2_wcs,wcs,no,ok,ansi X Y,"31390,443,460",1,4,dbinfo (measured),aligned,"ALIGNED [0:*, 0:31, 0:31] tile size 16777216","[0:*,0:31,0:31]","31390,32,32",32143360,16777216,128573440,13196210.503067484,1956,25811787744,25586616800,1.0088,"ok,PAD,PAD","1,14,15",2,1,128573440,1024.0,210,27000422400,33124.5,no,,,,n/a (wildcards derived),,,,,,,cmip6_downscaled_tasmin_7ModelAvg_ssp370_wcs_v2,petascopedb pointer,,"[0:31389,0:442,0:459]",float,-9999.000000,match,yes,"[0:31389,0:442,0:459]","marray <float,[D0(*:*),D1(*:*),D2(*:*)]>",ardac/cmip6_downscaled/wcs_ingest_scripts/tasmin_7ModelAvg_ssp370_adjusted.json,,collection name differs from coverage id
cmip6_downscaled_tasmin_7ModelAvg_ssp585_v2_wcs,wcs,no,ok,ansi X Y,"31390,443,460",1,4,dbinfo (measured),aligned,"ALIGNED [0:*, 0:31, 0:31] tile size 16777216","[0:*,0:31,0:31]","31390,32,32",32143360,16777216,128573440,13196210.503067484,1956,25811787744,25586616800,1.0088,"ok,PAD,PAD","1,14,15",2,1,128573440,1024.0,210,27000422400,33124.5,no,,,,n/a (wildcards derived),,,,,,,cmip6_downscaled_tasmin_7ModelAvg_ssp585_wcs_v2,petascopedb pointer,,"[0:31389,0:442,0:459]",float,-9999.000000,match,yes,"[0:31389,0:442,0:459]","marray <float,[D0(*:*),D1(*:*),D2(*:*)]>",ardac/cmip6_downscaled/wcs_ingest_scripts/tasmin_7ModelAvg_ssp585_adjusted.json,,collection name differs from coverage id
cmip6_downscaled_tasmin_CNRM_CM6_1_HR_historical_v2_wcs,wcs,no,ok,ansi X Y,"18250,443,460",1,4,dbinfo (measured),aligned,"ALIGNED [0:*, 0:31, 0:31] tile size 16777216","[0:*,0:31,0:31]","18250,32,32",18688000,16777216,74752000,12267172.477905074,1222,14990484768,14875940000,1.0077,"ok,PAD,PAD","1,14,15",2,1,74752000,1024.0,210,15697920000,19258.4,no,,,,n/a (wildcards derived),,,,,,,cmip6_downscaled_tasmin_CNRM_CM6_1_HR_historical_wcs_v2,petascopedb pointer,,"[0:18249,0:442,0:459]",float,-9999.000000,match,yes,"[0:18249,0:442,0:459]","marray <float,[D0(*:*),D1(*:*),D2(*:*)]>",ardac/cmip6_downscaled/wcs_ingest_scripts/tasmin_CNRM-CM6-1-HR_historical_adjusted.json,,collection name differs from coverage id
cmip6_downscaled_tasmin_CNRM_CM6_1_HR_ssp126_v2_wcs,wcs,no,ok,ansi X Y,"31390,443,460",1,4,dbinfo (measured),aligned,"ALIGNED [0:*, 0:31, 0:31] tile size 16777216","[0:*,0:31,0:31]","31390,32,32",32143360,16777216,128573440,13196210.503067484,1956,25811787744,25586616800,1.0088,"ok,PAD,PAD","1,14,15",2,1,128573440,1024.0,210,27000422400,33124.5,no,,,,n/a (wildcards derived),,,,,,,cmip6_downscaled_tasmin_CNRM_CM6_1_HR_ssp126_wcs_v2,petascopedb pointer,,"[0:31389,0:442,0:459]",float,-9999.000000,match,yes,"[0:31389,0:442,0:459]","marray <float,[D0(*:*),D1(*:*),D2(*:*)]>",ardac/cmip6_downscaled/wcs_ingest_scripts/tasmin_CNRM-CM6-1-HR_ssp126_adjusted.json,,collection name differs from coverage id
cmip6_downscaled_tasmin_CNRM_CM6_1_HR_ssp585_v2_wcs,wcs,no,ok,ansi X Y,"31390,443,460",1,4,dbinfo (measured),aligned,"ALIGNED [0:*, 0:31, 0:31] tile size 16777216","[0:*,0:31,0:31]","31390,32,32",32143360,16777216,128573440,13196210.503067484,1956,25811787744,25586616800,1.0088,"ok,PAD,PAD","1,14,15",2,1,128573440,1024.0,210,27000422400,33124.5,no,,,,n/a (wildcards derived),,,,,,,cmip6_downscaled_tasmin_CNRM_CM6_1_HR_ssp585_wcs_v2,petascopedb pointer,,"[0:31389,0:442,0:459]",float,-9999.000000,match,yes,"[0:31389,0:442,0:459]","marray <float,[D0(*:*),D1(*:*),D2(*:*)]>",ardac/cmip6_downscaled/wcs_ingest_scripts/tasmin_CNRM-CM6-1-HR_ssp585_adjusted.json,,collection name differs from coverage id
cmip6_downscaled_tasmin_E3SM_2_0_historical_v2_wcs,wcs,no,ok,ansi X Y,"18250,443,460",1,4,dbinfo (measured),aligned,"ALIGNED [0:*, 0:31, 0:31] tile size 16777216","[0:*,0:31,0:31]","18250,32,32",18688000,16777216,74752000,12267172.477905074,1222,14990484768,14875940000,1.0077,"ok,PAD,PAD","1,14,15",2,1,74752000,1024.0,210,15697920000,19258.4,no,,,,n/a (wildcards derived),,,,,,,cmip6_downscaled_tasmin_E3SM_2_0_historical_wcs_v2,petascopedb pointer,,"[0:18249,0:442,0:459]",float,-9999.000000,match,yes,"[0:18249,0:442,0:459]","marray <float,[D0(*:*),D1(*:*),D2(*:*)]>",ardac/cmip6_downscaled/wcs_ingest_scripts/tasmin_E3SM-2-0_historical_adjusted.json,,collection name differs from coverage id
cmip6_downscaled_tasmin_E3SM_2_0_ssp370_v2_wcs,wcs,no,ok,ansi X Y,"31390,443,460",1,4,dbinfo (measured),aligned,"ALIGNED [0:*, 0:31, 0:31] tile size 16777216","[0:*,0:31,0:31]","31390,32,32",32143360,16777216,128573440,13196210.503067484,1956,25811787744,25586616800,1.0088,"ok,PAD,PAD","1,14,15",2,1,128573440,1024.0,210,27000422400,33124.5,no,,,,n/a (wildcards derived),,,,,,,cmip6_downscaled_tasmin_E3SM_2_0_ssp370_wcs_v2,petascopedb pointer,,"[0:31389,0:442,0:459]",float,-9999.000000,match,yes,"[0:31389,0:442,0:459]","marray <float,[D0(*:*),D1(*:*),D2(*:*)]>",ardac/cmip6_downscaled/wcs_ingest_scripts/tasmin_E3SM-2-0_ssp370_adjusted.json,,collection name differs from coverage id
cmip6_downscaled_tasmin_EC_Earth3_Veg_historical_v2_wcs,wcs,no,ok,ansi X Y,"18250,443,460",1,4,dbinfo (measured),aligned,"ALIGNED [0:*, 0:31, 0:31] tile size 16777216","[0:*,0:31,0:31]","18250,32,32",18688000,16777216,74752000,12267172.477905074,1222,14990484768,14875940000,1.0077,"ok,PAD,PAD","1,14,15",2,1,74752000,1024.0,210,15697920000,19258.4,no,,,,n/a (wildcards derived),,,,,,,cmip6_downscaled_tasmin_EC_Earth3_Veg_historical_wcs_v2,petascopedb pointer,,"[0:18249,0:442,0:459]",float,-9999.000000,match,yes,"[0:18249,0:442,0:459]","marray <float,[D0(*:*),D1(*:*),D2(*:*)]>",ardac/cmip6_downscaled/wcs_ingest_scripts/tasmin_EC-Earth3-Veg_historical_adjusted.json,,collection name differs from coverage id
cmip6_downscaled_tasmin_EC_Earth3_Veg_ssp370_v2_wcs,wcs,no,ok,ansi X Y,"31390,443,460",1,4,dbinfo (measured),aligned,"ALIGNED [0:*, 0:31, 0:31] tile size 16777216","[0:*,0:31,0:31]","31390,32,32",32143360,16777216,128573440,13196210.503067484,1956,25811787744,25586616800,1.0088,"ok,PAD,PAD","1,14,15",2,1,128573440,1024.0,210,27000422400,33124.5,no,,,,n/a (wildcards derived),,,,,,,cmip6_downscaled_tasmin_EC_Earth3_Veg_ssp370_wcs_v2,petascopedb pointer,,"[0:31389,0:442,0:459]",float,-9999.000000,match,yes,"[0:31389,0:442,0:459]","marray <float,[D0(*:*),D1(*:*),D2(*:*)]>",ardac/cmip6_downscaled/wcs_ingest_scripts/tasmin_EC-Earth3-Veg_ssp370_adjusted.json,,collection name differs from coverage id
cmip6_downscaled_tasmin_EC_Earth3_Veg_ssp585_v2_wcs,wcs,no,ok,ansi X Y,"31390,443,460",1,4,dbinfo (measured),aligned,"ALIGNED [0:*, 0:31, 0:31] tile size 16777216","[0:*,0:31,0:31]","31390,32,32",32143360,16777216,128573440,13196210.503067484,1956,25811787744,25586616800,1.0088,"ok,PAD,PAD","1,14,15",2,1,128573440,1024.0,210,27000422400,33124.5,no,,,,n/a (wildcards derived),,,,,,,cmip6_downscaled_tasmin_EC_Earth3_Veg_ssp585_wcs_v2,petascopedb pointer,,"[0:31389,0:442,0:459]",float,-9999.000000,match,yes,"[0:31389,0:442,0:459]","marray <float,[D0(*:*),D1(*:*),D2(*:*)]>",ardac/cmip6_downscaled/wcs_ingest_scripts/tasmin_EC-Earth3-Veg_ssp585_adjusted.json,,collection name differs from coverage id
cmip6_downscaled_tasmin_GFDL_ESM4_historical_v2_wcs,wcs,no,ok,ansi X Y,"18250,443,460",1,4,dbinfo (measured),aligned,"ALIGNED [0:*, 0:31, 0:31] tile size 16777216","[0:*,0:31,0:31]","18250,32,32",18688000,16777216,74752000,12267172.477905074,1222,14990484768,14875940000,1.0077,"ok,PAD,PAD","1,14,15",2,1,74752000,1024.0,210,15697920000,19258.4,no,,,,n/a (wildcards derived),,,,,,,cmip6_downscaled_tasmin_GFDL_ESM4_historical_wcs_v2,petascopedb pointer,,"[0:18249,0:442,0:459]",float,-9999.000000,match,yes,"[0:18249,0:442,0:459]","marray <float,[D0(*:*),D1(*:*),D2(*:*)]>",ardac/cmip6_downscaled/wcs_ingest_scripts/tasmin_GFDL-ESM4_historical_adjusted.json,,collection name differs from coverage id
cmip6_downscaled_tasmin_GFDL_ESM4_ssp126_v2_wcs,wcs,no,ok,ansi X Y,"31390,443,460",1,4,dbinfo (measured),aligned,"ALIGNED [0:*, 0:31, 0:31] tile size 16777216","[0:*,0:31,0:31]","31390,32,32",32143360,16777216,128573440,13196210.503067484,1956,25811787744,25586616800,1.0088,"ok,PAD,PAD","1,14,15",2,1,128573440,1024.0,210,27000422400,33124.5,no,,,,n/a (wildcards derived),,,,,,,cmip6_downscaled_tasmin_GFDL_ESM4_ssp126_wcs_v2,petascopedb pointer,,"[0:31389,0:442,0:459]",float,-9999.000000,match,yes,"[0:31389,0:442,0:459]","marray <float,[D0(*:*),D1(*:*),D2(*:*)]>",ardac/cmip6_downscaled/wcs_ingest_scripts/tasmin_GFDL-ESM4_ssp126_adjusted.json,,collection name differs from coverage id
cmip6_downscaled_tasmin_GFDL_ESM4_ssp245_v2_wcs,wcs,no,ok,ansi X Y,"31390,443,460",1,4,dbinfo (measured),aligned,"ALIGNED [0:*, 0:31, 0:31] tile size 16777216","[0:*,0:31,0:31]","31390,32,32",32143360,16777216,128573440,13196210.503067484,1956,25811787744,25586616800,1.0088,"ok,PAD,PAD","1,14,15",2,1,128573440,1024.0,210,27000422400,33124.5,no,,,,n/a (wildcards derived),,,,,,,cmip6_downscaled_tasmin_GFDL_ESM4_ssp245_wcs_v2,petascopedb pointer,,"[0:31389,0:442,0:459]",float,-9999.000000,match,yes,"[0:31389,0:442,0:459]","marray <float,[D0(*:*),D1(*:*),D2(*:*)]>",ardac/cmip6_downscaled/wcs_ingest_scripts/tasmin_GFDL-ESM4_ssp245_adjusted.json,,collection name differs from coverage id
cmip6_downscaled_tasmin_GFDL_ESM4_ssp370_v2_wcs,wcs,no,ok,ansi X Y,"31390,443,460",1,4,dbinfo (measured),aligned,"ALIGNED [0:*, 0:31, 0:31] tile size 16777216","[0:*,0:31,0:31]","31390,32,32",32143360,16777216,128573440,13196210.503067484,1956,25811787744,25586616800,1.0088,"ok,PAD,PAD","1,14,15",2,1,128573440,1024.0,210,27000422400,33124.5,no,,,,n/a (wildcards derived),,,,,,,cmip6_downscaled_tasmin_GFDL_ESM4_ssp370_wcs_v2,petascopedb pointer,,"[0:31389,0:442,0:459]",float,-9999.000000,match,yes,"[0:31389,0:442,0:459]","marray <float,[D0(*:*),D1(*:*),D2(*:*)]>",ardac/cmip6_downscaled/wcs_ingest_scripts/tasmin_GFDL-ESM4_ssp370_adjusted.json,,collection name differs from coverage id
cmip6_downscaled_tasmin_GFDL_ESM4_ssp585_v2_wcs,wcs,no,ok,ansi X Y,"31390,443,460",1,4,dbinfo (measured),aligned,"ALIGNED [0:*, 0:31, 0:31] tile size 16777216","[0:*,0:31,0:31]","31390,32,32",32143360,16777216,128573440,13196210.503067484,1956,25811787744,25586616800,1.0088,"ok,PAD,PAD","1,14,15",2,1,128573440,1024.0,210,27000422400,33124.5,no,,,,n/a (wildcards derived),,,,,,,cmip6_downscaled_tasmin_GFDL_ESM4_ssp585_wcs_v2,petascopedb pointer,,"[0:31389,0:442,0:459]",float,-9999.000000,match,yes,"[0:31389,0:442,0:459]","marray <float,[D0(*:*),D1(*:*),D2(*:*)]>",ardac/cmip6_downscaled/wcs_ingest_scripts/tasmin_GFDL-ESM4_ssp585_adjusted.json,,collection name differs from coverage id
cmip6_downscaled_tasmin_HadGEM3_GC31_LL_historical_v2_wcs,wcs,no,ok,ansi X Y,"18250,443,460",1,4,dbinfo (measured),aligned,"ALIGNED [0:*, 0:31, 0:31] tile size 16777216","[0:*,0:31,0:31]","18250,32,32",18688000,16777216,74752000,12267172.477905074,1222,14990484768,14875940000,1.0077,"ok,PAD,PAD","1,14,15",2,1,74752000,1024.0,210,15697920000,19258.4,no,,,,n/a (wildcards derived),,,,,,,cmip6_downscaled_tasmin_HadGEM3_GC31_LL_historical_wcs_v2,petascopedb pointer,,"[0:18249,0:442,0:459]",float,-9999.000000,match,yes,"[0:18249,0:442,0:459]","marray <float,[D0(*:*),D1(*:*),D2(*:*)]>",ardac/cmip6_downscaled/wcs_ingest_scripts/tasmin_HadGEM3-GC31-LL_historical_adjusted.json,,collection name differs from coverage id
cmip6_downscaled_tasmin_HadGEM3_GC31_LL_ssp126_v2_wcs,wcs,no,ok,ansi X Y,"31390,443,460",1,4,dbinfo (measured),aligned,"ALIGNED [0:*, 0:31, 0:31] tile size 16777216","[0:*,0:31,0:31]","31390,32,32",32143360,16777216,128573440,13196210.503067484,1956,25811787744,25586616800,1.0088,"ok,PAD,PAD","1,14,15",2,1,128573440,1024.0,210,27000422400,33124.5,no,,,,n/a (wildcards derived),,,,,,,cmip6_downscaled_tasmin_HadGEM3_GC31_LL_ssp126_wcs_v2,petascopedb pointer,,"[0:31389,0:442,0:459]",float,-9999.000000,match,yes,"[0:31389,0:442,0:459]","marray <float,[D0(*:*),D1(*:*),D2(*:*)]>",ardac/cmip6_downscaled/wcs_ingest_scripts/tasmin_HadGEM3-GC31-LL_ssp126_adjusted.json,,collection name differs from coverage id
cmip6_downscaled_tasmin_HadGEM3_GC31_LL_ssp245_v2_wcs,wcs,no,ok,ansi X Y,"31390,443,460",1,4,dbinfo (measured),aligned,"ALIGNED [0:*, 0:31, 0:31] tile size 16777216","[0:*,0:31,0:31]","31390,32,32",32143360,16777216,128573440,13196210.503067484,1956,25811787744,25586616800,1.0088,"ok,PAD,PAD","1,14,15",2,1,128573440,1024.0,210,27000422400,33124.5,no,,,,n/a (wildcards derived),,,,,,,cmip6_downscaled_tasmin_HadGEM3_GC31_LL_ssp245_wcs_v2,petascopedb pointer,,"[0:31389,0:442,0:459]",float,-9999.000000,match,yes,"[0:31389,0:442,0:459]","marray <float,[D0(*:*),D1(*:*),D2(*:*)]>",ardac/cmip6_downscaled/wcs_ingest_scripts/tasmin_HadGEM3-GC31-LL_ssp245_adjusted.json,,collection name differs from coverage id
cmip6_downscaled_tasmin_HadGEM3_GC31_LL_ssp585_v2_wcs,wcs,no,ok,ansi X Y,"31390,443,460",1,4,dbinfo (measured),aligned,"ALIGNED [0:*, 0:31, 0:31] tile size 16777216","[0:*,0:31,0:31]","31390,32,32",32143360,16777216,128573440,13196210.503067484,1956,25811787744,25586616800,1.0088,"ok,PAD,PAD","1,14,15",2,1,128573440,1024.0,210,27000422400,33124.5,no,,,,n/a (wildcards derived),,,,,,,cmip6_downscaled_tasmin_HadGEM3_GC31_LL_ssp585_wcs_v2,petascopedb pointer,,"[0:31389,0:442,0:459]",float,-9999.000000,match,yes,"[0:31389,0:442,0:459]","marray <float,[D0(*:*),D1(*:*),D2(*:*)]>",ardac/cmip6_downscaled/wcs_ingest_scripts/tasmin_HadGEM3-GC31-LL_ssp585_adjusted.json,,collection name differs from coverage id
cmip6_downscaled_tasmin_HadGEM3_GC31_MM_historical_v2_wcs,wcs,no,ok,ansi X Y,"18250,443,460",1,4,dbinfo (measured),aligned,"ALIGNED [0:*, 0:31, 0:31] tile size 16777216","[0:*,0:31,0:31]","18250,32,32",18688000,16777216,74752000,12267172.477905074,1222,14990484768,14875940000,1.0077,"ok,PAD,PAD","1,14,15",2,1,74752000,1024.0,210,15697920000,19258.4,no,,,,n/a (wildcards derived),,,,,,,cmip6_downscaled_tasmin_HadGEM3_GC31_MM_historical_wcs_v2,petascopedb pointer,,"[0:18249,0:442,0:459]",float,-9999.000000,match,yes,"[0:18249,0:442,0:459]","marray <float,[D0(*:*),D1(*:*),D2(*:*)]>",ardac/cmip6_downscaled/wcs_ingest_scripts/tasmin_HadGEM3-GC31-MM_historical_adjusted.json,,collection name differs from coverage id
cmip6_downscaled_tasmin_HadGEM3_GC31_MM_ssp126_v2_wcs,wcs,no,ok,ansi X Y,"31390,443,460",1,4,dbinfo (measured),aligned,"ALIGNED [0:*, 0:31, 0:31] tile size 16777216","[0:*,0:31,0:31]","31390,32,32",32143360,16777216,128573440,13196210.503067484,1956,25811787744,25586616800,1.0088,"ok,PAD,PAD","1,14,15",2,1,128573440,1024.0,210,27000422400,33124.5,no,,,,n/a (wildcards derived),,,,,,,cmip6_downscaled_tasmin_HadGEM3_GC31_MM_ssp126_wcs_v2,petascopedb pointer,,"[0:31389,0:442,0:459]",float,-9999.000000,match,yes,"[0:31389,0:442,0:459]","marray <float,[D0(*:*),D1(*:*),D2(*:*)]>",ardac/cmip6_downscaled/wcs_ingest_scripts/tasmin_HadGEM3-GC31-MM_ssp126_adjusted.json,,collection name differs from coverage id
cmip6_downscaled_tasmin_HadGEM3_GC31_MM_ssp585_v2_wcs,wcs,no,ok,ansi X Y,"31390,443,460",1,4,dbinfo (measured),aligned,"ALIGNED [0:*, 0:31, 0:31] tile size 16777216","[0:*,0:31,0:31]","31390,32,32",32143360,16777216,128573440,13196210.503067484,1956,25811787744,25586616800,1.0088,"ok,PAD,PAD","1,14,15",2,1,128573440,1024.0,210,27000422400,33124.5,no,,,,n/a (wildcards derived),,,,,,,cmip6_downscaled_tasmin_HadGEM3_GC31_MM_ssp585_wcs_v2,petascopedb pointer,,"[0:31389,0:442,0:459]",float,-9999.000000,match,yes,"[0:31389,0:442,0:459]","marray <float,[D0(*:*),D1(*:*),D2(*:*)]>",ardac/cmip6_downscaled/wcs_ingest_scripts/tasmin_HadGEM3-GC31-MM_ssp585_adjusted.json,,collection name differs from coverage id
cmip6_downscaled_tasmin_KACE_1_0_G_historical_v2_wcs,wcs,no,ok,ansi X Y,"18250,443,460",1,4,dbinfo (measured),aligned,"ALIGNED [0:*, 0:31, 0:31] tile size 16777216","[0:*,0:31,0:31]","18250,32,32",18688000,16777216,74752000,12267172.477905074,1222,14990484768,14875940000,1.0077,"ok,PAD,PAD","1,14,15",2,1,74752000,1024.0,210,15697920000,19258.4,no,,,,n/a (wildcards derived),,,,,,,cmip6_downscaled_tasmin_KACE_1_0_G_historical_wcs_v2,petascopedb pointer,,"[0:18249,0:442,0:459]",float,-9999.000000,match,yes,"[0:18249,0:442,0:459]","marray <float,[D0(*:*),D1(*:*),D2(*:*)]>",ardac/cmip6_downscaled/wcs_ingest_scripts/tasmin_KACE-1-0-G_historical_adjusted.json,,collection name differs from coverage id
cmip6_downscaled_tasmin_KACE_1_0_G_ssp126_v2_wcs,wcs,no,ok,ansi X Y,"31390,443,460",1,4,dbinfo (measured),aligned,"ALIGNED [0:*, 0:31, 0:31] tile size 16777216","[0:*,0:31,0:31]","31390,32,32",32143360,16777216,128573440,13196210.503067484,1956,25811787744,25586616800,1.0088,"ok,PAD,PAD","1,14,15",2,1,128573440,1024.0,210,27000422400,33124.5,no,,,,n/a (wildcards derived),,,,,,,cmip6_downscaled_tasmin_KACE_1_0_G_ssp126_wcs_v2,petascopedb pointer,,"[0:31389,0:442,0:459]",float,-9999.000000,match,yes,"[0:31389,0:442,0:459]","marray <float,[D0(*:*),D1(*:*),D2(*:*)]>",ardac/cmip6_downscaled/wcs_ingest_scripts/tasmin_KACE-1-0-G_ssp126_adjusted.json,,collection name differs from coverage id
cmip6_downscaled_tasmin_KACE_1_0_G_ssp245_v2_wcs,wcs,no,ok,ansi X Y,"31390,443,460",1,4,dbinfo (measured),aligned,"ALIGNED [0:*, 0:31, 0:31] tile size 16777216","[0:*,0:31,0:31]","31390,32,32",32143360,16777216,128573440,13196210.503067484,1956,25811787744,25586616800,1.0088,"ok,PAD,PAD","1,14,15",2,1,128573440,1024.0,210,27000422400,33124.5,no,,,,n/a (wildcards derived),,,,,,,cmip6_downscaled_tasmin_KACE_1_0_G_ssp245_wcs_v2,petascopedb pointer,,"[0:31389,0:442,0:459]",float,-9999.000000,match,yes,"[0:31389,0:442,0:459]","marray <float,[D0(*:*),D1(*:*),D2(*:*)]>",ardac/cmip6_downscaled/wcs_ingest_scripts/tasmin_KACE-1-0-G_ssp245_adjusted.json,,collection name differs from coverage id
cmip6_downscaled_tasmin_KACE_1_0_G_ssp370_v2_wcs,wcs,no,ok,ansi X Y,"31390,443,460",1,4,dbinfo (measured),aligned,"ALIGNED [0:*, 0:31, 0:31] tile size 16777216","[0:*,0:31,0:31]","31390,32,32",32143360,16777216,128573440,13196210.503067484,1956,25811787744,25586616800,1.0088,"ok,PAD,PAD","1,14,15",2,1,128573440,1024.0,210,27000422400,33124.5,no,,,,n/a (wildcards derived),,,,,,,cmip6_downscaled_tasmin_KACE_1_0_G_ssp370_wcs_v2,petascopedb pointer,,"[0:31389,0:442,0:459]",float,-9999.000000,match,yes,"[0:31389,0:442,0:459]","marray <float,[D0(*:*),D1(*:*),D2(*:*)]>",ardac/cmip6_downscaled/wcs_ingest_scripts/tasmin_KACE-1-0-G_ssp370_adjusted.json,,collection name differs from coverage id
cmip6_downscaled_tasmin_KACE_1_0_G_ssp585_v2_wcs,wcs,no,ok,ansi X Y,"31390,443,460",1,4,dbinfo (measured),aligned,"ALIGNED [0:*, 0:31, 0:31] tile size 16777216","[0:*,0:31,0:31]","31390,32,32",32143360,16777216,128573440,13196210.503067484,1956,25811787744,25586616800,1.0088,"ok,PAD,PAD","1,14,15",2,1,128573440,1024.0,210,27000422400,33124.5,no,,,,n/a (wildcards derived),,,,,,,cmip6_downscaled_tasmin_KACE_1_0_G_ssp585_wcs_v2,petascopedb pointer,,"[0:31389,0:442,0:459]",float,-9999.000000,match,yes,"[0:31389,0:442,0:459]","marray <float,[D0(*:*),D1(*:*),D2(*:*)]>",ardac/cmip6_downscaled/wcs_ingest_scripts/tasmin_KACE-1-0-G_ssp585_adjusted.json,,collection name differs from coverage id
cmip6_downscaled_tasmin_MIROC6_historical_v2_wcs,wcs,no,ok,ansi X Y,"18250,443,460",1,4,dbinfo (measured),aligned,"ALIGNED [0:*, 0:31, 0:31] tile size 16777216","[0:*,0:31,0:31]","18250,32,32",18688000,16777216,74752000,12267172.477905074,1222,14990484768,14875940000,1.0077,"ok,PAD,PAD","1,14,15",2,1,74752000,1024.0,210,15697920000,19258.4,no,,,,n/a (wildcards derived),,,,,,,cmip6_downscaled_tasmin_MIROC6_historical_wcs_v2,petascopedb pointer,,"[0:18249,0:442,0:459]",float,-9999.000000,match,yes,"[0:18249,0:442,0:459]","marray <float,[D0(*:*),D1(*:*),D2(*:*)]>",ardac/cmip6_downscaled/wcs_ingest_scripts/tasmin_MIROC6_historical_adjusted.json,,collection name differs from coverage id
cmip6_downscaled_tasmin_MIROC6_ssp126_v2_wcs,wcs,no,ok,ansi X Y,"31390,443,460",1,4,dbinfo (measured),aligned,"ALIGNED [0:*, 0:31, 0:31] tile size 16777216","[0:*,0:31,0:31]","31390,32,32",32143360,16777216,128573440,13196210.503067484,1956,25811787744,25586616800,1.0088,"ok,PAD,PAD","1,14,15",2,1,128573440,1024.0,210,27000422400,33124.5,no,,,,n/a (wildcards derived),,,,,,,cmip6_downscaled_tasmin_MIROC6_ssp126_wcs_v2,petascopedb pointer,,"[0:31389,0:442,0:459]",float,-9999.000000,match,yes,"[0:31389,0:442,0:459]","marray <float,[D0(*:*),D1(*:*),D2(*:*)]>",ardac/cmip6_downscaled/wcs_ingest_scripts/tasmin_MIROC6_ssp126_adjusted.json,,collection name differs from coverage id
cmip6_downscaled_tasmin_MIROC6_ssp245_v2_wcs,wcs,no,ok,ansi X Y,"31390,443,460",1,4,dbinfo (measured),aligned,"ALIGNED [0:*, 0:31, 0:31] tile size 16777216","[0:*,0:31,0:31]","31390,32,32",32143360,16777216,128573440,13196210.503067484,1956,25811787744,25586616800,1.0088,"ok,PAD,PAD","1,14,15",2,1,128573440,1024.0,210,27000422400,33124.5,no,,,,n/a (wildcards derived),,,,,,,cmip6_downscaled_tasmin_MIROC6_ssp245_wcs_v2,petascopedb pointer,,"[0:31389,0:442,0:459]",float,-9999.000000,match,yes,"[0:31389,0:442,0:459]","marray <float,[D0(*:*),D1(*:*),D2(*:*)]>",ardac/cmip6_downscaled/wcs_ingest_scripts/tasmin_MIROC6_ssp245_adjusted.json,,collection name differs from coverage id
cmip6_downscaled_tasmin_MIROC6_ssp370_v2_wcs,wcs,no,ok,ansi X Y,"31390,443,460",1,4,dbinfo (measured),aligned,"ALIGNED [0:*, 0:31, 0:31] tile size 16777216","[0:*,0:31,0:31]","31390,32,32",32143360,16777216,128573440,13196210.503067484,1956,25811787744,25586616800,1.0088,"ok,PAD,PAD","1,14,15",2,1,128573440,1024.0,210,27000422400,33124.5,no,,,,n/a (wildcards derived),,,,,,,cmip6_downscaled_tasmin_MIROC6_ssp370_wcs_v2,petascopedb pointer,,"[0:31389,0:442,0:459]",float,-9999.000000,match,yes,"[0:31389,0:442,0:459]","marray <float,[D0(*:*),D1(*:*),D2(*:*)]>",ardac/cmip6_downscaled/wcs_ingest_scripts/tasmin_MIROC6_ssp370_adjusted.json,,collection name differs from coverage id
cmip6_downscaled_tasmin_MIROC6_ssp585_v2_wcs,wcs,no,ok,ansi X Y,"31390,443,460",1,4,dbinfo (measured),aligned,"ALIGNED [0:*, 0:31, 0:31] tile size 16777216","[0:*,0:31,0:31]","31390,32,32",32143360,16777216,128573440,13196210.503067484,1956,25811787744,25586616800,1.0088,"ok,PAD,PAD","1,14,15",2,1,128573440,1024.0,210,27000422400,33124.5,no,,,,n/a (wildcards derived),,,,,,,cmip6_downscaled_tasmin_MIROC6_ssp585_wcs_v2,petascopedb pointer,,"[0:31389,0:442,0:459]",float,-9999.000000,match,yes,"[0:31389,0:442,0:459]","marray <float,[D0(*:*),D1(*:*),D2(*:*)]>",ardac/cmip6_downscaled/wcs_ingest_scripts/tasmin_MIROC6_ssp585_adjusted.json,,collection name differs from coverage id
cmip6_downscaled_tasmin_MPI_ESM1_2_HR_historical_v2_wcs,wcs,no,ok,ansi X Y,"18250,443,460",1,4,dbinfo (measured),aligned,"ALIGNED [0:*, 0:31, 0:31] tile size 16777216","[0:*,0:31,0:31]","18250,32,32",18688000,16777216,74752000,12267172.477905074,1222,14990484768,14875940000,1.0077,"ok,PAD,PAD","1,14,15",2,1,74752000,1024.0,210,15697920000,19258.4,no,,,,n/a (wildcards derived),,,,,,,cmip6_downscaled_tasmin_MPI_ESM1_2_HR_historical_wcs_v2,petascopedb pointer,,"[0:18249,0:442,0:459]",float,-9999.000000,match,yes,"[0:18249,0:442,0:459]","marray <float,[D0(*:*),D1(*:*),D2(*:*)]>",ardac/cmip6_downscaled/wcs_ingest_scripts/tasmin_MPI-ESM1-2-HR_historical_adjusted.json,,collection name differs from coverage id
cmip6_downscaled_tasmin_MPI_ESM1_2_HR_ssp126_v2_wcs,wcs,no,ok,ansi X Y,"31390,443,460",1,4,dbinfo (measured),aligned,"ALIGNED [0:*, 0:31, 0:31] tile size 16777216","[0:*,0:31,0:31]","31390,32,32",32143360,16777216,128573440,13196210.503067484,1956,25811787744,25586616800,1.0088,"ok,PAD,PAD","1,14,15",2,1,128573440,1024.0,210,27000422400,33124.5,no,,,,n/a (wildcards derived),,,,,,,cmip6_downscaled_tasmin_MPI_ESM1_2_HR_ssp126_wcs_v2,petascopedb pointer,,"[0:31389,0:442,0:459]",float,-9999.000000,match,yes,"[0:31389,0:442,0:459]","marray <float,[D0(*:*),D1(*:*),D2(*:*)]>",ardac/cmip6_downscaled/wcs_ingest_scripts/tasmin_MPI-ESM1-2-HR_ssp126_adjusted.json,,collection name differs from coverage id
cmip6_downscaled_tasmin_MPI_ESM1_2_HR_ssp245_v2_wcs,wcs,no,ok,ansi X Y,"31390,443,460",1,4,dbinfo (measured),aligned,"ALIGNED [0:*, 0:31, 0:31] tile size 16777216","[0:*,0:31,0:31]","31390,32,32",32143360,16777216,128573440,13196210.503067484,1956,25811787744,25586616800,1.0088,"ok,PAD,PAD","1,14,15",2,1,128573440,1024.0,210,27000422400,33124.5,no,,,,n/a (wildcards derived),,,,,,,cmip6_downscaled_tasmin_MPI_ESM1_2_HR_ssp245_wcs_v2,petascopedb pointer,,"[0:31389,0:442,0:459]",float,-9999.000000,match,yes,"[0:31389,0:442,0:459]","marray <float,[D0(*:*),D1(*:*),D2(*:*)]>",ardac/cmip6_downscaled/wcs_ingest_scripts/tasmin_MPI-ESM1-2-HR_ssp245_adjusted.json,,collection name differs from coverage id
cmip6_downscaled_tasmin_MPI_ESM1_2_HR_ssp370_v2_wcs,wcs,no,ok,ansi X Y,"31390,443,460",1,4,dbinfo (measured),aligned,"ALIGNED [0:*, 0:31, 0:31] tile size 16777216","[0:*,0:31,0:31]","31390,32,32",32143360,16777216,128573440,13196210.503067484,1956,25811787744,25586616800,1.0088,"ok,PAD,PAD","1,14,15",2,1,128573440,1024.0,210,27000422400,33124.5,no,,,,n/a (wildcards derived),,,,,,,cmip6_downscaled_tasmin_MPI_ESM1_2_HR_ssp370_wcs_v2,petascopedb pointer,,"[0:31389,0:442,0:459]",float,-9999.000000,match,yes,"[0:31389,0:442,0:459]","marray <float,[D0(*:*),D1(*:*),D2(*:*)]>",ardac/cmip6_downscaled/wcs_ingest_scripts/tasmin_MPI-ESM1-2-HR_ssp370_adjusted.json,,collection name differs from coverage id
cmip6_downscaled_tasmin_MPI_ESM1_2_HR_ssp585_v2_wcs,wcs,no,ok,ansi X Y,"31390,443,460",1,4,dbinfo (measured),aligned,"ALIGNED [0:*, 0:31, 0:31] tile size 16777216","[0:*,0:31,0:31]","31390,32,32",32143360,16777216,128573440,13196210.503067484,1956,25811787744,25586616800,1.0088,"ok,PAD,PAD","1,14,15",2,1,128573440,1024.0,210,27000422400,33124.5,no,,,,n/a (wildcards derived),,,,,,,cmip6_downscaled_tasmin_MPI_ESM1_2_HR_ssp585_wcs_v2,petascopedb pointer,,"[0:31389,0:442,0:459]",float,-9999.000000,match,yes,"[0:31389,0:442,0:459]","marray <float,[D0(*:*),D1(*:*),D2(*:*)]>",ardac/cmip6_downscaled/wcs_ingest_scripts/tasmin_MPI-ESM1-2-HR_ssp585_adjusted.json,,collection name differs from coverage id
cmip6_downscaled_tasmin_MRI_ESM2_0_historical_v2_wcs,wcs,no,ok,ansi X Y,"18250,443,460",1,4,dbinfo (measured),aligned,"ALIGNED [0:*, 0:31, 0:31] tile size 16777216","[0:*,0:31,0:31]","18250,32,32",18688000,16777216,74752000,12267172.477905074,1222,14990484768,14875940000,1.0077,"ok,PAD,PAD","1,14,15",2,1,74752000,1024.0,210,15697920000,19258.4,no,,,,n/a (wildcards derived),,,,,,,cmip6_downscaled_tasmin_MRI_ESM2_0_historical_wcs_v2,petascopedb pointer,,"[0:18249,0:442,0:459]",float,-9999.000000,match,yes,"[0:18249,0:442,0:459]","marray <float,[D0(*:*),D1(*:*),D2(*:*)]>",ardac/cmip6_downscaled/wcs_ingest_scripts/tasmin_MRI-ESM2-0_historical_adjusted.json,,collection name differs from coverage id
cmip6_downscaled_tasmin_MRI_ESM2_0_ssp126_v2_wcs,wcs,no,ok,ansi X Y,"31390,443,460",1,4,dbinfo (measured),aligned,"ALIGNED [0:*, 0:31, 0:31] tile size 16777216","[0:*,0:31,0:31]","31390,32,32",32143360,16777216,128573440,13196210.503067484,1956,25811787744,25586616800,1.0088,"ok,PAD,PAD","1,14,15",2,1,128573440,1024.0,210,27000422400,33124.5,no,,,,n/a (wildcards derived),,,,,,,cmip6_downscaled_tasmin_MRI_ESM2_0_ssp126_wcs_v2,petascopedb pointer,,"[0:31389,0:442,0:459]",float,-9999.000000,match,yes,"[0:31389,0:442,0:459]","marray <float,[D0(*:*),D1(*:*),D2(*:*)]>",ardac/cmip6_downscaled/wcs_ingest_scripts/tasmin_MRI-ESM2-0_ssp126_adjusted.json,,collection name differs from coverage id
cmip6_downscaled_tasmin_MRI_ESM2_0_ssp245_v2_wcs,wcs,no,ok,ansi X Y,"31390,443,460",1,4,dbinfo (measured),aligned,"ALIGNED [0:*, 0:31, 0:31] tile size 16777216","[0:*,0:31,0:31]","31390,32,32",32143360,16777216,128573440,13196210.503067484,1956,25811787744,25586616800,1.0088,"ok,PAD,PAD","1,14,15",2,1,128573440,1024.0,210,27000422400,33124.5,no,,,,n/a (wildcards derived),,,,,,,cmip6_downscaled_tasmin_MRI_ESM2_0_ssp245_wcs_v2,petascopedb pointer,,"[0:31389,0:442,0:459]",float,-9999.000000,match,yes,"[0:31389,0:442,0:459]","marray <float,[D0(*:*),D1(*:*),D2(*:*)]>",ardac/cmip6_downscaled/wcs_ingest_scripts/tasmin_MRI-ESM2-0_ssp245_adjusted.json,,collection name differs from coverage id
cmip6_downscaled_tasmin_MRI_ESM2_0_ssp370_v2_wcs,wcs,no,ok,ansi X Y,"31390,443,460",1,4,dbinfo (measured),aligned,"ALIGNED [0:*, 0:31, 0:31] tile size 16777216","[0:*,0:31,0:31]","31390,32,32",32143360,16777216,128573440,13196210.503067484,1956,25811787744,25586616800,1.0088,"ok,PAD,PAD","1,14,15",2,1,128573440,1024.0,210,27000422400,33124.5,no,,,,n/a (wildcards derived),,,,,,,cmip6_downscaled_tasmin_MRI_ESM2_0_ssp370_wcs_v2,petascopedb pointer,,"[0:31389,0:442,0:459]",float,-9999.000000,match,yes,"[0:31389,0:442,0:459]","marray <float,[D0(*:*),D1(*:*),D2(*:*)]>",ardac/cmip6_downscaled/wcs_ingest_scripts/tasmin_MRI-ESM2-0_ssp370_adjusted.json,,collection name differs from coverage id
cmip6_downscaled_tasmin_MRI_ESM2_0_ssp585_v2_wcs,wcs,no,ok,ansi X Y,"31390,443,460",1,4,dbinfo (measured),aligned,"ALIGNED [0:*, 0:31, 0:31] tile size 16777216","[0:*,0:31,0:31]","31390,32,32",32143360,16777216,128573440,13196210.503067484,1956,25811787744,25586616800,1.0088,"ok,PAD,PAD","1,14,15",2,1,128573440,1024.0,210,27000422400,33124.5,no,,,,n/a (wildcards derived),,,,,,,cmip6_downscaled_tasmin_MRI_ESM2_0_ssp585_wcs_v2,petascopedb pointer,,"[0:31389,0:442,0:459]",float,-9999.000000,match,yes,"[0:31389,0:442,0:459]","marray <float,[D0(*:*),D1(*:*),D2(*:*)]>",ardac/cmip6_downscaled/wcs_ingest_scripts/tasmin_MRI-ESM2-0_ssp585_adjusted.json,,collection name differs from coverage id
cmip6_downscaled_tasmin_NorESM2_MM_historical_v2_wcs,wcs,no,ok,ansi X Y,"18250,443,460",1,4,dbinfo (measured),aligned,"ALIGNED [0:*, 0:31, 0:31] tile size 16777216","[0:*,0:31,0:31]","18250,32,32",18688000,16777216,74752000,12267172.477905074,1222,14990484768,14875940000,1.0077,"ok,PAD,PAD","1,14,15",2,1,74752000,1024.0,210,15697920000,19258.4,no,,,,n/a (wildcards derived),,,,,,,cmip6_downscaled_tasmin_NorESM2_MM_historical_wcs_v2,petascopedb pointer,,"[0:18249,0:442,0:459]",float,-9999.000000,match,yes,"[0:18249,0:442,0:459]","marray <float,[D0(*:*),D1(*:*),D2(*:*)]>",ardac/cmip6_downscaled/wcs_ingest_scripts/tasmin_NorESM2-MM_historical_adjusted.json,,collection name differs from coverage id
cmip6_downscaled_tasmin_NorESM2_MM_ssp126_v2_wcs,wcs,no,ok,ansi X Y,"31390,443,460",1,4,dbinfo (measured),aligned,"ALIGNED [0:*, 0:31, 0:31] tile size 16777216","[0:*,0:31,0:31]","31390,32,32",32143360,16777216,128573440,13196210.503067484,1956,25811787744,25586616800,1.0088,"ok,PAD,PAD","1,14,15",2,1,128573440,1024.0,210,27000422400,33124.5,no,,,,n/a (wildcards derived),,,,,,,cmip6_downscaled_tasmin_NorESM2_MM_ssp126_wcs_v2,petascopedb pointer,,"[0:31389,0:442,0:459]",float,-9999.000000,match,yes,"[0:31389,0:442,0:459]","marray <float,[D0(*:*),D1(*:*),D2(*:*)]>",ardac/cmip6_downscaled/wcs_ingest_scripts/tasmin_NorESM2-MM_ssp126_adjusted.json,,collection name differs from coverage id
cmip6_downscaled_tasmin_NorESM2_MM_ssp245_v2_wcs,wcs,no,ok,ansi X Y,"31390,443,460",1,4,dbinfo (measured),aligned,"ALIGNED [0:*, 0:31, 0:31] tile size 16777216","[0:*,0:31,0:31]","31390,32,32",32143360,16777216,128573440,13196210.503067484,1956,25811787744,25586616800,1.0088,"ok,PAD,PAD","1,14,15",2,1,128573440,1024.0,210,27000422400,33124.5,no,,,,n/a (wildcards derived),,,,,,,cmip6_downscaled_tasmin_NorESM2_MM_ssp245_wcs_v2,petascopedb pointer,,"[0:31389,0:442,0:459]",float,-9999.000000,match,yes,"[0:31389,0:442,0:459]","marray <float,[D0(*:*),D1(*:*),D2(*:*)]>",ardac/cmip6_downscaled/wcs_ingest_scripts/tasmin_NorESM2-MM_ssp245_adjusted.json,,collection name differs from coverage id
cmip6_downscaled_tasmin_NorESM2_MM_ssp370_v2_wcs,wcs,no,ok,ansi X Y,"31390,443,460",1,4,dbinfo (measured),aligned,"ALIGNED [0:*, 0:31, 0:31] tile size 16777216","[0:*,0:31,0:31]","31390,32,32",32143360,16777216,128573440,13196210.503067484,1956,25811787744,25586616800,1.0088,"ok,PAD,PAD","1,14,15",2,1,128573440,1024.0,210,27000422400,33124.5,no,,,,n/a (wildcards derived),,,,,,,cmip6_downscaled_tasmin_NorESM2_MM_ssp370_wcs_v2,petascopedb pointer,,"[0:31389,0:442,0:459]",float,-9999.000000,match,yes,"[0:31389,0:442,0:459]","marray <float,[D0(*:*),D1(*:*),D2(*:*)]>",ardac/cmip6_downscaled/wcs_ingest_scripts/tasmin_NorESM2-MM_ssp370_adjusted.json,,collection name differs from coverage id
cmip6_downscaled_tasmin_NorESM2_MM_ssp585_v2_wcs,wcs,no,ok,ansi X Y,"31390,443,460",1,4,dbinfo (measured),aligned,"ALIGNED [0:*, 0:31, 0:31] tile size 16777216","[0:*,0:31,0:31]","31390,32,32",32143360,16777216,128573440,13196210.503067484,1956,25811787744,25586616800,1.0088,"ok,PAD,PAD","1,14,15",2,1,128573440,1024.0,210,27000422400,33124.5,no,,,,n/a (wildcards derived),,,,,,,cmip6_downscaled_tasmin_NorESM2_MM_ssp585_wcs_v2,petascopedb pointer,,"[0:31389,0:442,0:459]",float,-9999.000000,match,yes,"[0:31389,0:442,0:459]","marray <float,[D0(*:*),D1(*:*),D2(*:*)]>",ardac/cmip6_downscaled/wcs_ingest_scripts/tasmin_NorESM2-MM_ssp585_adjusted.json,,collection name differs from coverage id
cmip6_downscaled_tasmin_TaiESM1_historical_v2_wcs,wcs,no,ok,ansi X Y,"18250,443,460",1,4,dbinfo (measured),aligned,"ALIGNED [0:*, 0:31, 0:31] tile size 16777216","[0:*,0:31,0:31]","18250,32,32",18688000,16777216,74752000,12267172.477905074,1222,14990484768,14875940000,1.0077,"ok,PAD,PAD","1,14,15",2,1,74752000,1024.0,210,15697920000,19258.4,no,,,,n/a (wildcards derived),,,,,,,cmip6_downscaled_tasmin_TaiESM1_historical_wcs_v2,petascopedb pointer,,"[0:18249,0:442,0:459]",float,-9999.000000,match,yes,"[0:18249,0:442,0:459]","marray <float,[D0(*:*),D1(*:*),D2(*:*)]>",ardac/cmip6_downscaled/wcs_ingest_scripts/tasmin_TaiESM1_historical_adjusted.json,,collection name differs from coverage id
cmip6_downscaled_tasmin_TaiESM1_ssp126_v2_wcs,wcs,no,ok,ansi X Y,"31390,443,460",1,4,dbinfo (measured),aligned,"ALIGNED [0:*, 0:31, 0:31] tile size 16777216","[0:*,0:31,0:31]","31390,32,32",32143360,16777216,128573440,13196210.503067484,1956,25811787744,25586616800,1.0088,"ok,PAD,PAD","1,14,15",2,1,128573440,1024.0,210,27000422400,33124.5,no,,,,n/a (wildcards derived),,,,,,,cmip6_downscaled_tasmin_TaiESM1_ssp126_wcs_v2,petascopedb pointer,,"[0:31389,0:442,0:459]",float,-9999.000000,match,yes,"[0:31389,0:442,0:459]","marray <float,[D0(*:*),D1(*:*),D2(*:*)]>",ardac/cmip6_downscaled/wcs_ingest_scripts/tasmin_TaiESM1_ssp126_adjusted.json,,collection name differs from coverage id
cmip6_downscaled_tasmin_TaiESM1_ssp245_v2_wcs,wcs,no,ok,ansi X Y,"31390,443,460",1,4,dbinfo (measured),aligned,"ALIGNED [0:*, 0:31, 0:31] tile size 16777216","[0:*,0:31,0:31]","31390,32,32",32143360,16777216,128573440,13196210.503067484,1956,25811787744,25586616800,1.0088,"ok,PAD,PAD","1,14,15",2,1,128573440,1024.0,210,27000422400,33124.5,no,,,,n/a (wildcards derived),,,,,,,cmip6_downscaled_tasmin_TaiESM1_ssp245_wcs_v2,petascopedb pointer,,"[0:31389,0:442,0:459]",float,-9999.000000,match,yes,"[0:31389,0:442,0:459]","marray <float,[D0(*:*),D1(*:*),D2(*:*)]>",ardac/cmip6_downscaled/wcs_ingest_scripts/tasmin_TaiESM1_ssp245_adjusted.json,,collection name differs from coverage id
cmip6_downscaled_tasmin_TaiESM1_ssp370_v2_wcs,wcs,no,ok,ansi X Y,"31390,443,460",1,4,dbinfo (measured),aligned,"ALIGNED [0:*, 0:31, 0:31] tile size 16777216","[0:*,0:31,0:31]","31390,32,32",32143360,16777216,128573440,13196210.503067484,1956,25811787744,25586616800,1.0088,"ok,PAD,PAD","1,14,15",2,1,128573440,1024.0,210,27000422400,33124.5,no,,,,n/a (wildcards derived),,,,,,,cmip6_downscaled_tasmin_TaiESM1_ssp370_wcs_v2,petascopedb pointer,,"[0:31389,0:442,0:459]",float,-9999.000000,match,yes,"[0:31389,0:442,0:459]","marray <float,[D0(*:*),D1(*:*),D2(*:*)]>",ardac/cmip6_downscaled/wcs_ingest_scripts/tasmin_TaiESM1_ssp370_adjusted.json,,collection name differs from coverage id
cmip6_downscaled_tasmin_TaiESM1_ssp585_v2_wcs,wcs,no,ok,ansi X Y,"31390,443,460",1,4,dbinfo (measured),aligned,"ALIGNED [0:*, 0:31, 0:31] tile size 16777216","[0:*,0:31,0:31]","31390,32,32",32143360,16777216,128573440,13196210.503067484,1956,25811787744,25586616800,1.0088,"ok,PAD,PAD","1,14,15",2,1,128573440,1024.0,210,27000422400,33124.5,no,,,,n/a (wildcards derived),,,,,,,cmip6_downscaled_tasmin_TaiESM1_ssp585_wcs_v2,petascopedb pointer,,"[0:31389,0:442,0:459]",float,-9999.000000,match,yes,"[0:31389,0:442,0:459]","marray <float,[D0(*:*),D1(*:*),D2(*:*)]>",ardac/cmip6_downscaled/wcs_ingest_scripts/tasmin_TaiESM1_ssp585_adjusted.json,,collection name differs from coverage id
cmip6_downscaled_tasmin_v2_wms,wms,no,ok,model scenario year X Y,"2,2,2,443,460",1,4,dbinfo (measured),aligned,"ALIGNED [0:*, 0:*, 0:*, 0:*, 0:*] tile size 16777216","[0:*,0:*,0:*,0:*,0:*]","2,2,2,443,460",1630240,16777216,6520960,543413.3333333334,6,3260480,6520960,0.5,"ok,ok,ok,ok,ok","1,1,1,1,1",0,1,6520960,203780.0,1,6520960,8.0,no,,,,n/a (wildcards derived),,,,,,,cmip6_downscaled_tasmin_wms_v2_2026_03_19_12_52_32_4842,petascopedb pointer,,"[0:1,0:1,0:1,0:442,0:459]",float,-9999.000000,match,yes,"[0:1,0:1,0:1,0:442,0:459]","marray <float,[D0(*:*),D1(*:*),D2(*:*),D3(*:*),D4(*:*)]>",ardac/cmip6_downscaled/wms_ingest_scripts/tasmin_wms_ingest.json,,collection name differs from coverage id
cmip6_downscaled_tasmin_wms,wms,no,ok,model scenario year X Y,"2,2,2,443,460",1,4,dbinfo (measured),aligned,,"[0:*,0:*,0:*,0:*,0:*]","2,2,2,443,460",1630240,16777216,6520960,543413.3333333334,6,3260480,6520960,0.5,"ok,ok,ok,ok,ok","1,1,1,1,1",0,1,6520960,203780.0,1,6520960,8.0,no,,,,,,,,,,,cmip6_downscaled_tasmin_wms_2025_11_03_14_13_38_1493,petascopedb pointer,,"[0:1,0:1,0:1,0:442,0:459]",float,-9999.000000,match,yes,"[0:1,0:1,0:1,0:442,0:459]","marray <float,[D0(*:*),D1(*:*),D2(*:*),D3(*:*),D4(*:*)]>",,,collection name differs from coverage id
cmip6_ffmc,none,no,ok,model time lat lon,"5,25680,178,569",1,4,dbinfo (measured),aligned,"ALIGNED [0:4, 0:*, 0:1, 0:1] tile size 1643456","[0:4,0:*,0:1,0:1]","5,25680,2,2",513600,1643456,2054400,659398.7796223812,266724,175877480096,52018435200,3.3811,"ok,ok,ok,PAD","1,1,89,285",1,1,2054400,4.0,25365,52109856000,128625.7,no,,,,n/a (wildcards derived),,,,,,,cmip6_ffmc_2026_05_01_10_06_40_3566,petascopedb pointer,,"[0:4,0:25679,0:177,0:568]",float,nan:nan,match,yes,"[0:4,0:25679,0:177,0:568]","marray <float,[D0(*:*),D1(*:*),D2(*:*),D3(*:*)]>",ardac/cmip6_fwi/ingest_ffmc.json,,collection name differs from coverage id
cmip6_fwi,none,no,ok,model time lat lon,"5,25680,178,569",1,4,dbinfo (measured),aligned,"ALIGNED [0:4, 0:*, 0:1, 0:1] tile size 1643456","[0:4,0:*,0:1,0:1]","5,25680,2,2",513600,1643456,2054400,659398.7796223812,266724,175877480096,52018435200,3.3811,"ok,ok,ok,PAD","1,1,89,285",1,1,2054400,4.0,25365,52109856000,128625.7,no,,,,n/a (wildcards derived),,,,,,,cmip6_fwi_2026_05_01_09_29_49_8758,petascopedb pointer,,"[0:4,0:25679,0:177,0:568]",float,nan:nan,match,yes,"[0:4,0:25679,0:177,0:568]","marray <float,[D0(*:*),D1(*:*),D2(*:*),D3(*:*)]>",ardac/cmip6_fwi/ingest_fwi.json,,collection name differs from coverage id
cmip6_indicators_cf_wms,wms,no,ok,model scenario time lat lon,"14,5,151,288,43",12,48,dbinfo (measured),aligned,"ALIGNED [0:*, 0:*, 0:*, 0:*, 0:*] tile size 4194304","[0:*,0:*,0:*,0:*,0:*]","14,5,151,43,288",130898880,4194304,6283146240,4076052.594059406,1616,6586900992,6283146240,1.0483,"ok,ok,ok,PAD,PAD","1,1,1,7,1",2,1,6283146240,12384.0,7,43982023680,73990.0,no,,,,n/a (wildcards derived),,,,,,,cmip6_indicators_cf_wms,petascopedb pointer,,"[0:13,0:4,0:150,0:287,0:42]","cd float, cdd long, csdi long, cwd long, dw long, ftc long, hd float, r10mm long, rx1day long, rx5day long, su long, wsdi long",,match,yes,"[0:13,0:4,0:150,0:287,0:42]","marray <struct { float cd, long cdd, long csdi, long cwd, long dw, long ftc, float hd, long r10mm, long rx1day, long rx5day, long su, long wsdi },[D0(*:*),D1(*:*),D2(*:*),D3(*:*),D4(*:*)]>",ardac/cmip6_indicators/ingest.json,,sdom disagrees with DescribeCoverage extent
cmip6_isi,none,no,ok,model time lat lon,"5,25680,178,569",1,4,dbinfo (measured),aligned,"ALIGNED [0:4, 0:*, 0:1, 0:1] tile size 1643456","[0:4,0:*,0:1,0:1]","5,25680,2,2",513600,1643456,2054400,659398.7796223812,266724,175877480096,52018435200,3.3811,"ok,ok,ok,PAD","1,1,89,285",1,1,2054400,4.0,25365,52109856000,128625.7,no,,,,n/a (wildcards derived),,,,,,,cmip6_isi,petascopedb pointer,,"[0:4,0:25679,0:177,0:568]",float,nan:nan,match,yes,"[0:4,0:25679,0:177,0:568]","marray <float,[D0(*:*),D1(*:*),D2(*:*),D3(*:*)]>",ardac/cmip6_fwi/ingest_isi.json,,
cmip6_monthly_cf_wcs,wcs,no,ok,model scenario time lat lon,"14,5,1812,288,43",18,72,dbinfo (measured),aligned,"ALIGNED [0:13, 0:4, 0:1811, 0:1, 0:1] tile size 4194304","[0:13,0:4,0:1811,0:1,0:1]","14,5,1812,2,2",507360,4194304,36529920,800255.6038907284,521856,417618188424,113096632320,3.6926,"ok,ok,ok,ok,PAD","1,1,1,144,22",1,1,36529920,4.0,3168,115726786560,129789.8,no,,,,match,,,,,,,cmip6_monthly_cf_wcs,petascopedb pointer,,"[0:13,0:4,0:1811,0:287,0:42]","clt long, evspsbl float, hfls float, hfss float, pr float, prsn float, psl float, rlds float, rsds float, sfcWind float, siconc long, snw float, tas float, tasmax float, tasmin float, ts float, uas float, vas float",,match,yes,"[0:13,0:4,0:1811,0:287,0:42]","marray <struct { long clt, float evspsbl, float hfls, float hfss, float pr, float prsn, float psl, float rlds, float rsds, float sfcWind, long siconc, float snw, float tas, float tasmax, float tasmin, float ts, float uas, float vas },[D0(*:*),D1(*:*),D2(*:*),D3(*:*),D4(*:*)]>",ardac/cmip6_common_grid/monthly/ingest_wcs.json,,sdom disagrees with DescribeCoverage extent
cmip6_monthly_cf_wms,wms,no,ok,model scenario time lat lon,"14,5,1812,288,43",18,72,dbinfo (measured),aligned,"ALIGNED [0:*, 0:*, 0:*, 0:*, 0:*] tile size 4194304","[0:*,0:*,0:*,0:*,0:*]","14,5,1812,43,288",1570786560,4194304,113096632320,3566263.9067827794,32612,116302998528,113096632320,1.0284,"ok,ok,ok,PAD,PAD","1,1,1,7,1",2,1,113096632320,12384.0,7,791676426240,887880.0,no,,,,n/a (wildcards derived),,,,,,,cmip6_monthly_cf_wms,petascopedb pointer,,"[0:13,0:4,0:1811,0:287,0:42]","clt long, evspsbl float, hfls float, hfss float, pr float, prsn float, psl float, rlds float, rsds float, sfcWind float, siconc long, snw float, tas float, tasmax float, tasmin float, ts float, uas float, vas float",,match,yes,"[0:13,0:4,0:1811,0:287,0:42]","marray <struct { long clt, float evspsbl, float hfls, float hfss, float pr, float prsn, float psl, float rlds, float rsds, float sfcWind, long siconc, float snw, float tas, float tasmax, float tasmin, float ts, float uas, float vas },[D0(*:*),D1(*:*),D2(*:*),D3(*:*),D4(*:*)]>",ardac/cmip6_common_grid/monthly/ingest.json,,sdom disagrees with DescribeCoverage extent
conus_hydro_segments_doy_climatology,none,no,ok,era doy landcover model scenario stream_id,"4,366,2,14,5,56460",3,12,dbinfo (measured),regular,"REGULAR [0:3, 0:365, 0:1, 0:13, 0:4, 0:0] tile size 1048576","[0:3,0:365,0:1,0:13,0:4,0:0]","4,366,2,14,5,1",204960,1048576,2459520,2459520.0,56460,138864499200,138864499200,1.0,"ok,ok,ok,ok,ok,ok","1,1,1,1,1,56460",0,,,,,,,no,,,,match,,,,,,,conus_hydro_segments_doy_climatology,petascopedb pointer,,"[0:3,0:365,0:1,0:13,0:4,0:56459]","doy_min float, doy_mean float, doy_max float",,match,yes,"[0:3,0:365,0:1,0:13,0:4,0:56459]","marray <struct { float doy_min, float doy_mean, float doy_max },[D0(*:*),D1(*:*),D2(*:*),D3(*:*),D4(*:*),D5(*:*)]>",ardac/hydroviz/conus/combined.json,,
conus_hydro_segments_doy_climatology_dynamic_historical,none,no,ok,era doy landcover model scenario stream_id,"1,366,1,14,1,56460",3,12,dbinfo (measured),regular,,"[0:0,0:365,0:0,0:13,0:0,0:0]","1,366,1,14,1,1",5124,2097152,61488,61488.0,56460,3471612480,3471612480,1.0,"ok,ok,ok,ok,ok,ok","1,1,1,1,1,56460",0,,,,,,,no,,,,,,,,,,,conus_hydro_segments_doy_climatology_dynamic_historical,petascopedb pointer,,"[0:0,0:365,0:0,0:13,0:0,0:56459]","doy_min float, doy_mean float, doy_max float",,match,yes,"[0:0,0:365,0:0,0:13,0:0,0:56459]","marray <struct { float doy_min, float doy_mean, float doy_max },[D0(*:*),D1(*:*),D2(*:*),D3(*:*),D4(*:*),D5(*:*)]>",,,
conus_hydro_segments_doy_climatology_dynamic_projected,none,no,ok,era doy landcover model scenario stream_id,"3,366,1,14,4,56460",3,12,dbinfo (measured),regular,,"[0:2,0:365,0:0,0:13,0:3,0:0]","3,366,1,14,4,1",61488,4194304,737856,737856.0,56460,41659349760,41659349760,1.0,"ok,ok,ok,ok,ok,ok","1,1,1,1,1,56460",0,,,,,,,no,,,,,,,,,,,conus_hydro_segments_doy_climatology_dynamic_projected,petascopedb pointer,,"[0:2,0:365,0:0,0:13,0:3,0:56459]","doy_min float, doy_mean float, doy_max float",,match,yes,"[0:2,0:365,0:0,0:13,0:3,0:56459]","marray <struct { float doy_min, float doy_mean, float doy_max },[D0(*:*),D1(*:*),D2(*:*),D3(*:*),D4(*:*),D5(*:*)]>",,,
conus_hydro_segments_doy_climatology_static_historical,none,no,ok,era doy landcover model scenario stream_id,"1,366,1,14,1,56460",3,12,dbinfo (measured),regular,,"[0:0,0:365,0:0,0:13,0:0,0:0]","1,366,1,14,1,1",5124,2097152,61488,61488.0,56460,3471612480,3471612480,1.0,"ok,ok,ok,ok,ok,ok","1,1,1,1,1,56460",0,,,,,,,no,,,,,,,,,,,conus_hydro_segments_doy_climatology_static_historical,petascopedb pointer,,"[0:0,0:365,0:0,0:13,0:0,0:56459]","doy_min float, doy_mean float, doy_max float",,match,yes,"[0:0,0:365,0:0,0:13,0:0,0:56459]","marray <struct { float doy_min, float doy_mean, float doy_max },[D0(*:*),D1(*:*),D2(*:*),D3(*:*),D4(*:*),D5(*:*)]>",,,
conus_hydro_segments_doy_climatology_static_projected,none,no,ok,era doy landcover model scenario stream_id,"3,366,1,14,4,56460",3,12,dbinfo (measured),regular,,"[0:2,0:365,0:0,0:13,0:3,0:0]","3,366,1,14,4,1",61488,4194304,737856,737856.0,56460,41659349760,41659349760,1.0,"ok,ok,ok,ok,ok,ok","1,1,1,1,1,56460",0,,,,,,,no,,,,,,,,,,,conus_hydro_segments_doy_climatology_static_projected,petascopedb pointer,,"[0:2,0:365,0:0,0:13,0:3,0:56459]","doy_min float, doy_mean float, doy_max float",,match,yes,"[0:2,0:365,0:0,0:13,0:3,0:56459]","marray <struct { float doy_min, float doy_mean, float doy_max },[D0(*:*),D1(*:*),D2(*:*),D3(*:*),D4(*:*),D5(*:*)]>",,,
conus_hydro_segments_jp_test,none,yes,ok,lc era model scenario geom_id,"2,13,5,4,56460",23,92,dbinfo (measured),aligned,,"[0:1,0:12,0:4,0:3,0:0]","2,13,5,4,1",520,1048576,47840,47840.0,56460,2701046400,2701046400,1.0,"ok,ok,ok,ok,ok","1,1,1,1,56460",0,,,,,,,no,,,,,,,,,,,conus_hydro_segments_jp_test_2025_12_18_12_59_44_6890,petascopedb pointer,,"[0:1,0:12,0:4,0:3,0:56459]","dh3 float, dh15 float, dl3 float, dl16 float, fh1 float, fl1 float, fl3 float, ma12 float, ma13 float, ma14 float, ma15 float, ma16 float, ma17 float, ma18 float, ma19 float, ma20 float, ma21 float, ma22 float, ma23 float, ra1 float, ra3 float, th1 float, tl1 float",,DIFFERS,yes,"[0:1,0:12,0:4,0:3,0:56459]","marray <struct { float dh3, float dh15, float dl3, float dl16, float fh1, float fl1, float fl3, float ma12, float ma13, float ma14, float ma15, float ma16, float ma17, float ma18, float ma19, float ma20, float ma21, float ma22, float ma23, float ra1, float ra3, float th1, float tl1 },[D0(*:*),D1(*:*),D2(*:*),D3(*:*),D4(*:*)]>",,,sdom disagrees with DescribeCoverage extent; collection name differs from coverage id
conus_hydro_segments_jp_test_insitu,none,yes,ok,lc era model scenario geom_id,"2,13,5,4,56460",23,92,dbinfo (measured),aligned,,"[0:1,0:12,0:4,0:3,0:0]","2,13,5,4,1",520,1048576,47840,47840.0,56460,2701046400,2701046400,1.0,"ok,ok,ok,ok,ok","1,1,1,1,56460",0,,,,,,,no,,,,,,,,,,,conus_hydro_segments_jp_test_insitu,petascopedb pointer,,"[0:1,0:12,0:4,0:3,0:56459]","dh3 float, dh15 float, dl3 float, dl16 float, fh1 float, fl1 float, fl3 float, ma12 float, ma13 float, ma14 float, ma15 float, ma16 float, ma17 float, ma18 float, ma19 float, ma20 float, ma21 float, ma22 float, ma23 float, ra1 float, ra3 float, th1 float, tl1 float",,DIFFERS,yes,"[0:1,0:12,0:4,0:3,0:56459]","marray <struct { float dh3, float dh15, float dl3, float dl16, float fh1, float fl1, float fl3, float ma12, float ma13, float ma14, float ma15, float ma16, float ma17, float ma18, float ma19, float ma20, float ma21, float ma22, float ma23, float ra1, float ra3, float th1, float tl1 },[D0(*:*),D1(*:*),D2(*:*),D3(*:*),D4(*:*)]>",,,sdom disagrees with DescribeCoverage extent
conus_hydro_segments_stats,none,no,ok,landcover model scenario era stream_id,"2,14,5,4,56460",52,208,dbinfo (measured),regular,,"[0:1,0:13,0:4,0:3,0:0]","2,14,5,4,1",560,4194304,116480,116480.0,56460,6576460800,6576460800,1.0,"ok,ok,ok,ok,ok","1,1,1,1,56460",0,,,,,,,no,,,,,,,,,,,conus_hydro_segments_stats,petascopedb pointer,,"[0:1,0:13,0:4,0:3,0:56459]","dh1 float, dh2 float, dh3 float, dh4 float, dh5 float, dh15 float, dl1 float, dl2 float, dl3 float, dl4 float, dl5 float, dl16 float, lf1 float, spr_dur3 float, spr_dur7 float, sum_dur3 float, sum_dur7 float, fh1 float, fh5 float, fh6 float, fh7 float, fl1 float, fl3 float, spr_freq float, sum_freq float, ma3 float, ma4 float, ma12 float, ma13 float, ma14 float, ma15 float, ma16 float, ma17 float, ma18 float, ma19 float, ma20 float, ma21 float, ma22 float, ma23 float, mh14 float, mh20 float, ml17 float, spr_mag float, sum_cv float, sum_mag float, ra1 float, ra3 float, ra8 float, spr_ord float, sum_ord float, th1 float, tl1 float",,match,yes,"[0:1,0:13,0:4,0:3,0:56459]","marray <struct { float dh1, float dh2, float dh3, float dh4, float dh5, float dh15, float dl1, float dl2, float dl3, float dl4, float dl5, float dl16, float lf1, float spr_dur3, float spr_dur7, float sum_dur3, float sum_dur7, float fh1, float fh5, float fh6, float fh7, float fl1, float fl3, float spr_freq, float sum_freq, float ma3, float ma4, float ma12, float ma13, float ma14, float ma15, float ma16, float ma17, float ma18, float ma19, float ma20, float ma21, float ma22, float ma23, float mh14, float mh20, float ml17, float spr_mag, float sum_cv, float sum_mag, float ra1, float ra3, float ra8, float spr_ord, float sum_ord, float th1, float tl1 },[D0(*:*),D1(*:*),D2(*:*),D3(*:*),D4(*:*)]>",,,
conus_hydro_segments_stats_combined,none,no,ok,source landcover model scenario era stream_id,"3,2,14,5,4,56460",53,212,dbinfo (measured),aligned,"ALIGNED [0:2, 0:1, 0:13, 0:4, 0:3, 0:0] tile size 1048576","[0:2,0:1,0:13,0:4,0:3,0:0]","3,2,14,5,4,1",1680,1048576,356160,140688.5,1806720,254184726720,20108793600,12.6405,"ok,ok,ok,ok,ok,ok","1,1,1,1,1,56460",0,,,,,,,no,,,,match,,,,,,,conus_hydro_segments_stats_combined,petascopedb pointer,,"[0:2,0:1,0:13,0:4,0:3,0:56459]","dh1 float, dh2 float, dh3 float, dh4 float, dh5 float, dh15 float, dl1 float, dl2 float, dl3 float, dl4 float, dl5 float, dl16 float, lf1 float, spr_dur3 float, spr_dur7 float, sum_dur3 float, sum_dur7 float, fh1 float, fh5 float, fh6 float, fh7 float, fl1 float, fl3 float, spr_freq float, sum_freq float, ma3 float, ma4 float, ma12 float, ma13 float, ma14 float, ma15 float, ma16 float, ma17 float, ma18 float, ma19 float, ma20 float, ma21 float, ma22 float, ma23 float, mh14 float, mh20 float, ml17 float, spr_mag float, sum_cv float, sum_mag float, ra1 float, ra3 float, ra8 float, spr_ord float, sum_ord float, th1 float, tl1 float, ma99 float",,match,yes,"[0:2,0:1,0:13,0:4,0:3,0:56459]","marray <struct { float dh1, float dh2, float dh3, float dh4, float dh5, float dh15, float dl1, float dl2, float dl3, float dl4, float dl5, float dl16, float lf1, float spr_dur3, float spr_dur7, float sum_dur3, float sum_dur7, float fh1, float fh5, float fh6, float fh7, float fl1, float fl3, float spr_freq, float sum_freq, float ma3, float ma4, float ma12, float ma13, float ma14, float ma15, float ma16, float ma17, float ma18, float ma19, float ma20, float ma21, float ma22, float ma23, float mh14, float mh20, float ml17, float spr_mag, float sum_cv, float sum_mag, float ra1, float ra3, float ra8, float spr_ord, float sum_ord, float th1, float tl1, float ma99 },[D0(*:*),D1(*:*),D2(*:*),D3(*:*),D4(*:*),D5(*:*)]>",ardac/hydroviz/conus/seg_combined_ingest.json,,
conus_hydro_segments_stats_diff,none,no,ok,landcover model scenario era stream_id,"2,14,5,4,56460",52,208,dbinfo (measured),regular,,"[0:1,0:13,0:4,0:3,0:0]","2,14,5,4,1",560,4194304,116480,116480.0,56460,6576460800,6576460800,1.0,"ok,ok,ok,ok,ok","1,1,1,1,56460",0,,,,,,,no,,,,,,,,,,,conus_hydro_segments_stats_diff,petascopedb pointer,,"[0:1,0:13,0:4,0:3,0:56459]","dh1 float, dh2 float, dh3 float, dh4 float, dh5 float, dh15 float, dl1 float, dl2 float, dl3 float, dl4 float, dl5 float, dl16 float, lf1 float, spr_dur3 float, spr_dur7 float, sum_dur3 float, sum_dur7 float, fh1 float, fh5 float, fh6 float, fh7 float, fl1 float, fl3 float, spr_freq float, sum_freq float, ma3 float, ma4 float, ma12 float, ma13 float, ma14 float, ma15 float, ma16 float, ma17 float, ma18 float, ma19 float, ma20 float, ma21 float, ma22 float, ma23 float, mh14 float, mh20 float, ml17 float, spr_mag float, sum_cv float, sum_mag float, ra1 float, ra3 float, ra8 float, spr_ord float, sum_ord float, th1 float, tl1 float",,DIFFERS,yes,"[0:1,0:13,0:4,0:3,0:56459]","marray <struct { float dh1, float dh2, float dh3, float dh4, float dh5, float dh15, float dl1, float dl2, float dl3, float dl4, float dl5, float dl16, float lf1, float spr_dur3, float spr_dur7, float sum_dur3, float sum_dur7, float fh1, float fh5, float fh6, float fh7, float fl1, float fl3, float spr_freq, float sum_freq, float ma3, float ma4, float ma12, float ma13, float ma14, float ma15, float ma16, float ma17, float ma18, float ma19, float ma20, float ma21, float ma22, float ma23, float mh14, float mh20, float ml17, float spr_mag, float sum_cv, float sum_mag, float ra1, float ra3, float ra8, float spr_ord, float sum_ord, float th1, float tl1 },[D0(*:*),D1(*:*),D2(*:*),D3(*:*),D4(*:*)]>",,,sdom disagrees with DescribeCoverage extent
cp_test_gipl,none,yes,ok,model scenario time X Y,"100,3,2,1941,2471",10,40,dbinfo (measured),aligned,,"[0:*,0:*,0:*,0:*,0:*]","3,2,100,2471,1941",2877726600,4194304,115109064000,4083763.611254251,29109,118874274960,115109064000,1.0327,"PAD,PAD,PAD,PAD,PAD","34,2,1,1,2",5,68,7827416352000,326142348.0,2,230218128000,1200.0,no,,,,,,,,,,,cp_test_gipl,petascopedb pointer,,"[0:99,0:2,0:1,0:1940,0:2470]","magt05m_degC float, magt1m_degC float, magt2m_degC float, magt3m_degC float, magt4m_degC float, magt5m_degC float, magtsurface_degC float, permafrostbase_m float, permafrosttop_m float, talikthickness_m float",,match,yes,"[0:99,0:2,0:1,0:1940,0:2470]","marray <struct { float magt05m_degC, float magt1m_degC, float magt2m_degC, float magt3m_degC, float magt4m_degC, float magt5m_degC, float magtsurface_degC, float permafrostbase_m, float permafrosttop_m, float talikthickness_m },[D0(*:*),D1(*:*),D2(*:*),D3(*:*),D4(*:*)]>",,,sdom disagrees with DescribeCoverage extent
crrel_gipl_outputs_nc,none,no,ok,model scenario time X Y,"100,3,2,1941,2471",10,40,dbinfo (measured),aligned,"ALIGNED [0:*, 0:*, 0:*, 0:*, 0:*] tile size 4194304","[0:*,0:*,0:*,0:*,0:*]","3,2,100,2471,1941",2877726600,4194304,115109064000,4083763.611254251,29109,118874274960,115109064000,1.0327,"PAD,PAD,PAD,PAD,PAD","34,2,1,1,2",5,68,7827416352000,326142348.0,2,230218128000,1200.0,no,,,,n/a (wildcards derived),,,,,,,crrel_gipl_outputs_nc,petascopedb pointer,,"[0:99,0:2,0:1,0:1940,0:2470]","magt05m_degC float, magt1m_degC float, magt2m_degC float, magt3m_degC float, magt4m_degC float, magt5m_degC float, magtsurface_degC float, permafrostbase_m float, permafrosttop_m float, talikthickness_m float",,match,yes,"[0:99,0:2,0:1,0:1940,0:2470]","marray <struct { float magt05m_degC, float magt1m_degC, float magt2m_degC, float magt3m_degC, float magt4m_degC, float magt5m_degC, float magtsurface_degC, float permafrostbase_m, float permafrosttop_m, float talikthickness_m },[D0(*:*),D1(*:*),D2(*:*),D3(*:*),D4(*:*)]>",ardac/gipl/ingest_with_nc.json,,sdom disagrees with DescribeCoverage extent
crrel_gipl_outputs_nc_regular_1_test,none,yes,ok,model scenario time X Y,"100,3,2,2741,3882",10,40,dbinfo (measured),regular,,"[0:0,0:0,0:0,0:2740,0:1940]","1,1,1,2741,1941",5320281,19200000,212811240,212811240.0,1200,255373488000,255373488000,1.0,"ok,ok,ok,ok,ok","100,3,2,1,2",0,600,127686744000,5320281.0,2,425622480,1.0,no,,,,,,,,,,,crrel_gipl_outputs_nc_regular_1_test,petascopedb pointer,,"[0:99,0:2,0:1,0:2740,0:3881]","magt05m_degC float, magt1m_degC float, magt2m_degC float, magt3m_degC float, magt4m_degC float, magt5m_degC float, magtsurface_degC float, permafrostbase_m float, permafrosttop_m float, talikthickness_m float",,DIFFERS,yes,"[0:99,0:2,0:1,0:2740,0:3881]","marray <struct { float magt05m_degC, float magt1m_degC, float magt2m_degC, float magt3m_degC, float magt4m_degC, float magt5m_degC, float magtsurface_degC, float permafrostbase_m, float permafrosttop_m, float talikthickness_m },[D0(*:*),D1(*:*),D2(*:*),D3(*:*),D4(*:*)]>",,,sdom disagrees with DescribeCoverage extent
crrel_gipl_outputs_nc_regular_2_test,none,yes,ok,model scenario time X Y,"100,3,2,2118,2588",10,40,dbinfo (measured),regular,,"[0:0,0:0,0:0,0:352,0:646]","1,1,1,353,647",228391,9135640,9135640,9135640.0,14400,131553216000,131553216000,1.0,"ok,ok,ok,ok,ok","100,3,2,6,4",0,600,5481384000,228391.0,24,219255360,1.0,no,,,,,,,,,,,crrel_gipl_outputs_nc_regular_2_test,petascopedb pointer,,"[0:99,0:2,0:1,0:2117,0:2587]","magt05m_degC float, magt1m_degC float, magt2m_degC float, magt3m_degC float, magt4m_degC float, magt5m_degC float, magtsurface_degC float, permafrostbase_m float, permafrosttop_m float, talikthickness_m float",,DIFFERS,yes,"[0:99,0:2,0:1,0:2117,0:2587]","marray <struct { float magt05m_degC, float magt1m_degC, float magt2m_degC, float magt3m_degC, float magt4m_degC, float magt5m_degC, float magtsurface_degC, float permafrostbase_m, float permafrosttop_m, float talikthickness_m },[D0(*:*),D1(*:*),D2(*:*),D3(*:*),D4(*:*)]>",,,sdom disagrees with DescribeCoverage extent
degree_days_below_zero_Fdays,none,no,ok,model scenario year X Y,"10,3,150,224,317",1,4,dbinfo (measured),aligned,"ALIGNED [0:*, 0:*, 0:*, 0:*, 0:*] tile size 4194304","[0:*,0:*,0:*,0:*,0:*]","10,3,150,317,224",319536000,4194304,1278144000,3838270.2702702703,333,1278144000,1278144000,1.0,"ok,ok,ok,PAD,PAD","1,1,1,1,2",2,1,1278144000,71008.0,2,2556288000,9000.0,no,,,,n/a (wildcards derived),,,,,,,degree_days_below_zero_Fdays,petascopedb pointer,,"[0:9,0:2,0:149,0:223,0:316]",long,-9999.000000,match,yes,"[0:9,0:2,0:149,0:223,0:316]","marray <long,[D0(*:*),D1(*:*),D2(*:*),D3(*:*),D4(*:*)]>",arctic_eds/degree_days/degree_days_below_zero_Fdays/ingest.json,,sdom disagrees with DescribeCoverage extent
design_freezing_index,none,no,ok,model era X Y,"3,3,198,106",1,2,dbinfo (measured),aligned,,"[0:0,0:0,0:4599,0:499]","1,1,4600,500",2300000,4600000,4600000,29982.85714285714,7,209880,377784,0.5556,"ok,ok,PAD,PAD","3,3,1,1",2,9,41400000,2300000.0,1,4600000,109.6,n/a (default tiling),,,,,,,,,,,design_freezing_index,petascopedb pointer,,"[0:2,0:2,0:197,0:105]",short,-9999.000000,match,yes,"[0:2,0:2,0:197,0:105]","marray <short,[D0(*:*),D1(*:*),D2(*:*),D3(*:*)]>",arctic_eds/design_indices/design_freezing_index/ingest.json,,
design_thawing_index,none,no,ok,model era X Y,"3,3,198,106",1,2,dbinfo (measured),aligned,,"[0:0,0:0,0:4599,0:499]","1,1,4600,500",2300000,4600000,4600000,29982.85714285714,7,209880,377784,0.5556,"ok,ok,PAD,PAD","3,3,1,1",2,9,41400000,2300000.0,1,4600000,109.6,n/a (default tiling),,,,,,,,,,,design_thawing_index,petascopedb pointer,,"[0:2,0:2,0:197,0:105]",short,-9999.000000,match,yes,"[0:2,0:2,0:197,0:105]","marray <short,[D0(*:*),D1(*:*),D2(*:*),D3(*:*)]>",arctic_eds/design_indices/design_thawing_index/ingest.json,,
dot_precip,none,no,ok,model duration era interval X Y,"9,15,2,3,4110,7639",3,12,dbinfo (measured),aligned,,"[0:0,0:0,0:0,0:0,0:399,0:799]","1,1,1,1,400,800",320000,3840000,3840000,3444740.9847534,97202,334835713200,305171938800,1.0972,"ok,ok,ok,ok,PAD,PAD","9,15,2,3,11,10",2,810,3110400000,320000.0,110,422400000,1.1,n/a (default tiling),,,,,,,,,,,dot_precip,petascopedb pointer,,"[0:8,0:14,0:1,0:2,0:4109,0:7638]","pf float, pf_upper float, pf_lower float",,match,yes,"[0:8,0:14,0:1,0:2,0:4109,0:7638]","marray <struct { float pf, float pf_upper, float pf_lower },[D0(*:*),D1(*:*),D2(*:*),D3(*:*),D4(*:*),D5(*:*)]>",ardac/dot_precip/ingest.json,,sdom disagrees with DescribeCoverage extent
drought_indicators_30day,none,no,ok,ansi Lat Long,"1,211,511",7,36,dbinfo (measured),aligned,,"[0:0,0:*,0:*]","1,211,511",107821,4194304,3881556,776311.2,5,3881556,3881556,1.0,"ok,ok,ok","1,1,1",0,1,3881556,107821.0,1,3881556,1.0,no,,,,,,,,,,,drought_indicators_30day,petascopedb pointer,,"[0:0,-1:209,-1:509]","tp float, pntp float, swe float, pnswe float, spi double, spei double, smd float",,match,yes,"[0:0,-1:209,-1:509]","marray <struct { float tp, float pntp, float swe, float pnswe, double spi, double spei, float smd },[D0(*:*),D1(*:*),D2(*:*)]>",,,
era5_4km_daily_rainnc_sum,none,no,ok,time X Y,"23376,460,442",1,4,dbinfo (measured),aligned,"ALIGNED [0:*, 0:*, 0:*] tile size 4194304","[0:*,0:*,0:*]","23376,442,460",4752808320,4194304,19011233280,4063966.0709705004,4678,19011233280,19011233280,1.0,"ok,PAD,PAD","1,2,1",2,1,19011233280,203320.0,2,38022466560,46752.0,no,,,,n/a (wildcards derived),,,,,,,era5_4km_daily_rainnc_sum,petascopedb pointer,,"[0:23375,0:459,0:441]",float,nan:nan,match,yes,"[0:23375,0:459,0:441]","marray <float,[D0(*:*),D1(*:*),D2(*:*)]>",ardac/daily_wrf_downscaled_era5/rainnc_sum_ingest.json,,sdom disagrees with DescribeCoverage extent
era5_4km_daily_rainnc_sum_wcs,wcs,no,ok,time X Y,"23376,460,442",1,4,dbinfo (measured),aligned,"ALIGNED [0:*, 0:7, 0:7] TILE SIZE 8388608","[0:*,0:7,0:7]","23376,8,8",1496064,8388608,5984256,3289370.3428421877,7642,25137368160,19011233280,1.3222,"ok,PAD,PAD","1,58,56",2,1,5984256,64.0,3248,19436863488,23899.4,no,,,,n/a (wildcards derived),,,,,,,era5_4km_daily_rainnc_sum_wcs,petascopedb pointer,,"[0:23375,0:459,0:441]",float,nan:nan,match,yes,"[0:23375,0:459,0:441]","marray <float,[D0(*:*),D1(*:*),D2(*:*)]>",ardac/daily_wrf_downscaled_era5/rainnc_sum_ingest_wcs_only.json,,sdom disagrees with DescribeCoverage extent
era5_4km_daily_rh2_max,none,no,ok,time X Y,"23376,460,442",1,4,dbinfo (measured),aligned,"ALIGNED [0:*, 0:*, 0:*] tile size 4194304","[0:*,0:*,0:*]","23376,442,460",4752808320,4194304,19011233280,4063966.0709705004,4678,19011233280,19011233280,1.0,"ok,PAD,PAD","1,2,1",2,1,19011233280,203320.0,2,38022466560,46752.0,no,,,,n/a (wildcards derived),,,,,,,era5_4km_daily_rh2_max_2025_08_12_08_45_23_3669,petascopedb pointer,,"[0:23375,0:459,0:441]",float,nan:nan,match,yes,"[0:23375,0:459,0:441]","marray <float,[D0(*:*),D1(*:*),D2(*:*)]>",ardac/daily_wrf_downscaled_era5/rh2_max_ingest.json,,sdom disagrees with DescribeCoverage extent; collection name differs from coverage id
era5_4km_daily_rh2_max_wcs,wcs,no,ok,time X Y,"23376,460,442",1,4,dbinfo (measured),aligned,"ALIGNED [0:*, 0:7, 0:7] TILE SIZE 8388608","[0:*,0:7,0:7]","23376,8,8",1496064,8388608,5984256,3289370.3428421877,7642,25137368160,19011233280,1.3222,"ok,PAD,PAD","1,58,56",2,1,5984256,64.0,3248,19436863488,23899.4,no,,,,n/a (wildcards derived),,,,,,,era5_4km_daily_rh2_max_wcs,petascopedb pointer,,"[0:23375,0:459,0:441]",float,nan:nan,match,yes,"[0:23375,0:459,0:441]","marray <float,[D0(*:*),D1(*:*),D2(*:*)]>",ardac/daily_wrf_downscaled_era5/rh2_max_ingest_wcs_only.json,,sdom disagrees with DescribeCoverage extent
era5_4km_daily_rh2_mean,none,no,ok,time X Y,"23376,460,442",1,4,dbinfo (measured),aligned,"ALIGNED [0:*, 0:*, 0:*] tile size 4194304","[0:*,0:*,0:*]","23376,442,460",4752808320,4194304,19011233280,4063966.0709705004,4678,19011233280,19011233280,1.0,"ok,PAD,PAD","1,2,1",2,1,19011233280,203320.0,2,38022466560,46752.0,no,,,,n/a (wildcards derived),,,,,,,era5_4km_daily_rh2_mean,petascopedb pointer,,"[0:23375,0:459,0:441]",float,nan:nan,match,yes,"[0:23375,0:459,0:441]","marray <float,[D0(*:*),D1(*:*),D2(*:*)]>",ardac/daily_wrf_downscaled_era5/rh2_mean_ingest.json,,sdom disagrees with DescribeCoverage extent
era5_4km_daily_rh2_mean_wcs,wcs,no,ok,time X Y,"23376,460,442",1,4,dbinfo (measured),aligned,"ALIGNED [0:*, 0:7, 0:7] TILE SIZE 8388608","[0:*,0:7,0:7]","23376,8,8",1496064,8388608,5984256,3289370.3428421877,7642,25137368160,19011233280,1.3222,"ok,PAD,PAD","1,58,56",2,1,5984256,64.0,3248,19436863488,23899.4,no,,,,n/a (wildcards derived),,,,,,,era5_4km_daily_rh2_mean_wcs,petascopedb pointer,,"[0:23375,0:459,0:441]",float,nan:nan,match,yes,"[0:23375,0:459,0:441]","marray <float,[D0(*:*),D1(*:*),D2(*:*)]>",ardac/daily_wrf_downscaled_era5/rh2_mean_ingest_wcs_only.json,,sdom disagrees with DescribeCoverage extent
era5_4km_daily_rh2_min,none,no,ok,time X Y,"23376,460,442",1,4,dbinfo (measured),aligned,"ALIGNED [0:*, 0:*, 0:*] tile size 4194304","[0:*,0:*,0:*]","23376,442,460",4752808320,4194304,19011233280,4063966.0709705004,4678,19011233280,19011233280,1.0,"ok,PAD,PAD","1,2,1",2,1,19011233280,203320.0,2,38022466560,46752.0,no,,,,n/a (wildcards derived),,,,,,,era5_4km_daily_rh2_min,petascopedb pointer,,"[0:23375,0:459,0:441]",float,nan:nan,match,yes,"[0:23375,0:459,0:441]","marray <float,[D0(*:*),D1(*:*),D2(*:*)]>",ardac/daily_wrf_downscaled_era5/rh2_min_ingest.json,,sdom disagrees with DescribeCoverage extent
era5_4km_daily_rh2_min_wcs,wcs,no,ok,time X Y,"23376,460,442",1,4,dbinfo (measured),aligned,"ALIGNED [0:*, 0:7, 0:7] TILE SIZE 8388608","[0:*,0:7,0:7]","23376,8,8",1496064,8388608,5984256,3289370.3428421877,7642,25137368160,19011233280,1.3222,"ok,PAD,PAD","1,58,56",2,1,5984256,64.0,3248,19436863488,23899.4,no,,,,n/a (wildcards derived),,,,,,,era5_4km_daily_rh2_min_wcs,petascopedb pointer,,"[0:23375,0:459,0:441]",float,nan:nan,match,yes,"[0:23375,0:459,0:441]","marray <float,[D0(*:*),D1(*:*),D2(*:*)]>",ardac/daily_wrf_downscaled_era5/rh2_min_ingest_wcs_only.json,,sdom disagrees with DescribeCoverage extent
era5_4km_daily_seaice_max,none,no,ok,time X Y,"23376,460,442",1,4,dbinfo (measured),aligned,"ALIGNED [0:*, 0:*, 0:*] tile size 4194304","[0:*,0:*,0:*]","23376,442,460",4752808320,4194304,19011233280,4063966.0709705004,4678,19011233280,19011233280,1.0,"ok,PAD,PAD","1,2,1",2,1,19011233280,203320.0,2,38022466560,46752.0,no,,,,n/a (wildcards derived),,,,,,,era5_4km_daily_seaice_max,petascopedb pointer,,"[0:23375,0:459,0:441]",float,nan:nan,match,yes,"[0:23375,0:459,0:441]","marray <float,[D0(*:*),D1(*:*),D2(*:*)]>",ardac/daily_wrf_downscaled_era5/seaice_max_ingest.json,,sdom disagrees with DescribeCoverage extent
era5_4km_daily_seaice_max_wcs,wcs,no,ok,time X Y,"23376,460,442",1,4,dbinfo (measured),aligned,"ALIGNED [0:*, 0:7, 0:7] TILE SIZE 8388608","[0:*,0:7,0:7]","23376,8,8",1496064,8388608,5984256,3289370.3428421877,7642,25137368160,19011233280,1.3222,"ok,PAD,PAD","1,58,56",2,1,5984256,64.0,3248,19436863488,23899.4,no,,,,n/a (wildcards derived),,,,,,,era5_4km_daily_seaice_max_wcs,petascopedb pointer,,"[0:23375,0:459,0:441]",float,nan:nan,match,yes,"[0:23375,0:459,0:441]","marray <float,[D0(*:*),D1(*:*),D2(*:*)]>",ardac/daily_wrf_downscaled_era5/seaice_max_ingest_wcs_only.json,,sdom disagrees with DescribeCoverage extent
era5_4km_daily_t2_max,none,no,ok,time X Y,"23376,460,442",1,4,dbinfo (measured),aligned,"ALIGNED [0:*, 0:*, 0:*] tile size 4194304","[0:*,0:*,0:*]","23376,442,460",4752808320,4194304,19011233280,4063966.0709705004,4678,19011233280,19011233280,1.0,"ok,PAD,PAD","1,2,1",2,1,19011233280,203320.0,2,38022466560,46752.0,no,,,,n/a (wildcards derived),,,,,,,era5_4km_daily_t2_max,petascopedb pointer,,"[0:23375,0:459,0:441]",float,nan:nan,match,yes,"[0:23375,0:459,0:441]","marray <float,[D0(*:*),D1(*:*),D2(*:*)]>",ardac/daily_wrf_downscaled_era5/t2_max_ingest.json,,sdom disagrees with DescribeCoverage extent
era5_4km_daily_t2_max_wcs,wcs,no,ok,time X Y,"23376,460,442",1,4,dbinfo (measured),aligned,"ALIGNED [0:*, 0:7, 0:7] TILE SIZE 8388608","[0:*,0:7,0:7]","23376,8,8",1496064,8388608,5984256,3289370.3428421877,7642,25137368160,19011233280,1.3222,"ok,PAD,PAD","1,58,56",2,1,5984256,64.0,3248,19436863488,23899.4,no,,,,n/a (wildcards derived),,,,,,,era5_4km_daily_t2_max_wcs,petascopedb pointer,,"[0:23375,0:459,0:441]",float,nan:nan,match,yes,"[0:23375,0:459,0:441]","marray <float,[D0(*:*),D1(*:*),D2(*:*)]>",ardac/daily_wrf_downscaled_era5/t2_max_ingest_wcs_only.json,,sdom disagrees with DescribeCoverage extent
era5_4km_daily_t2_mean,none,no,ok,time X Y,"23376,460,442",1,4,dbinfo (measured),aligned,"ALIGNED [0:*, 0:*, 0:*] tile size 4194304","[0:*,0:*,0:*]","23376,442,460",4752808320,4194304,19011233280,4063966.0709705004,4678,19011233280,19011233280,1.0,"ok,PAD,PAD","1,2,1",2,1,19011233280,203320.0,2,38022466560,46752.0,no,,,,n/a (wildcards derived),,,,,,,era5_4km_daily_t2_mean,petascopedb pointer,,"[0:23375,0:459,0:441]",float,nan:nan,match,yes,"[0:23375,0:459,0:441]","marray <float,[D0(*:*),D1(*:*),D2(*:*)]>",ardac/daily_wrf_downscaled_era5/t2_mean_ingest.json,,sdom disagrees with DescribeCoverage extent
era5_4km_daily_t2_mean_wcs,wcs,no,ok,time X Y,"23376,460,442",1,4,dbinfo (measured),aligned,"ALIGNED [0:*, 0:7, 0:7] TILE SIZE 8388608","[0:*,0:7,0:7]","23376,8,8",1496064,8388608,5984256,3289370.3428421877,7642,25137368160,19011233280,1.3222,"ok,PAD,PAD","1,58,56",2,1,5984256,64.0,3248,19436863488,23899.4,no,,,,n/a (wildcards derived),,,,,,,era5_4km_daily_t2_mean_wcs,petascopedb pointer,,"[0:23375,0:459,0:441]",float,nan:nan,match,yes,"[0:23375,0:459,0:441]","marray <float,[D0(*:*),D1(*:*),D2(*:*)]>",ardac/daily_wrf_downscaled_era5/t2_mean_ingest_wcs_only.json,,sdom disagrees with DescribeCoverage extent
era5_4km_daily_t2_min,none,no,ok,time X Y,"23376,460,442",1,4,dbinfo (measured),aligned,"ALIGNED [0:*, 0:*, 0:*] tile size 4194304","[0:*,0:*,0:*]","23376,442,460",4752808320,4194304,19011233280,4063966.0709705004,4678,19011233280,19011233280,1.0,"ok,PAD,PAD","1,2,1",2,1,19011233280,203320.0,2,38022466560,46752.0,no,,,,n/a (wildcards derived),,,,,,,era5_4km_daily_t2_min,petascopedb pointer,,"[0:23375,0:459,0:441]",float,nan:nan,match,yes,"[0:23375,0:459,0:441]","marray <float,[D0(*:*),D1(*:*),D2(*:*)]>",ardac/daily_wrf_downscaled_era5/t2_min_ingest.json,,sdom disagrees with DescribeCoverage extent
era5_4km_daily_t2_min_wcs,wcs,no,ok,time X Y,"23376,460,442",1,4,dbinfo (measured),aligned,"ALIGNED [0:*, 0:7, 0:7] TILE SIZE 8388608","[0:*,0:7,0:7]","23376,8,8",1496064,8388608,5984256,3289370.3428421877,7642,25137368160,19011233280,1.3222,"ok,PAD,PAD","1,58,56",2,1,5984256,64.0,3248,19436863488,23899.4,no,,,,n/a (wildcards derived),,,,,,,era5_4km_daily_t2_min_wcs,petascopedb pointer,,"[0:23375,0:459,0:441]",float,nan:nan,match,yes,"[0:23375,0:459,0:441]","marray <float,[D0(*:*),D1(*:*),D2(*:*)]>",ardac/daily_wrf_downscaled_era5/t2_min_ingest_wcs_only.json,,sdom disagrees with DescribeCoverage extent
era5_4km_daily_wdir10_mean,none,no,ok,time X Y,"23376,460,442",1,4,dbinfo (measured),aligned,"ALIGNED [0:*, 0:*, 0:*] tile size 4194304","[0:*,0:*,0:*]","23376,442,460",4752808320,4194304,19011233280,4063966.0709705004,4678,19011233280,19011233280,1.0,"ok,PAD,PAD","1,2,1",2,1,19011233280,203320.0,2,38022466560,46752.0,no,,,,n/a (wildcards derived),,,,,,,era5_4km_daily_wdir10_mean,petascopedb pointer,,"[0:23375,0:459,0:441]",float,nan:nan,match,yes,"[0:23375,0:459,0:441]","marray <float,[D0(*:*),D1(*:*),D2(*:*)]>",ardac/daily_wrf_downscaled_era5/wdir10_mean_ingest.json,,sdom disagrees with DescribeCoverage extent
era5_4km_daily_wdir10_mean_wcs,wcs,no,ok,time X Y,"23376,460,442",1,4,dbinfo (measured),aligned,"ALIGNED [0:*, 0:7, 0:7] TILE SIZE 8388608","[0:*,0:7,0:7]","23376,8,8",1496064,8388608,5984256,3289370.3428421877,7642,25137368160,19011233280,1.3222,"ok,PAD,PAD","1,58,56",2,1,5984256,64.0,3248,19436863488,23899.4,no,,,,n/a (wildcards derived),,,,,,,era5_4km_daily_wdir10_mean_wcs,petascopedb pointer,,"[0:23375,0:459,0:441]",float,nan:nan,match,yes,"[0:23375,0:459,0:441]","marray <float,[D0(*:*),D1(*:*),D2(*:*)]>",ardac/daily_wrf_downscaled_era5/wdir10_mean_ingest_wcs_only.json,,sdom disagrees with DescribeCoverage extent
era5_4km_daily_wspd10_max,none,no,ok,time X Y,"23376,460,442",1,4,dbinfo (measured),aligned,"ALIGNED [0:*, 0:*, 0:*] tile size 4194304","[0:*,0:*,0:*]","23376,442,460",4752808320,4194304,19011233280,4063966.0709705004,4678,19011233280,19011233280,1.0,"ok,PAD,PAD","1,2,1",2,1,19011233280,203320.0,2,38022466560,46752.0,no,,,,n/a (wildcards derived),,,,,,,era5_4km_daily_wspd10_max,petascopedb pointer,,"[0:23375,0:459,0:441]",float,nan:nan,match,yes,"[0:23375,0:459,0:441]","marray <float,[D0(*:*),D1(*:*),D2(*:*)]>",ardac/daily_wrf_downscaled_era5/wspd10_max_ingest.json,,sdom disagrees with DescribeCoverage extent
era5_4km_daily_wspd10_max_wcs,wcs,no,ok,time X Y,"23376,460,442",1,4,dbinfo (measured),aligned,"ALIGNED [0:*, 0:7, 0:7] TILE SIZE 8388608","[0:*,0:7,0:7]","23376,8,8",1496064,8388608,5984256,3289370.3428421877,7642,25137368160,19011233280,1.3222,"ok,PAD,PAD","1,58,56",2,1,5984256,64.0,3248,19436863488,23899.4,no,,,,n/a (wildcards derived),,,,,,,era5_4km_daily_wspd10_max_wcs,petascopedb pointer,,"[0:23375,0:459,0:441]",float,nan:nan,match,yes,"[0:23375,0:459,0:441]","marray <float,[D0(*:*),D1(*:*),D2(*:*)]>",ardac/daily_wrf_downscaled_era5/wspd10_max_ingest_wcs_only.json,,sdom disagrees with DescribeCoverage extent
era5_4km_daily_wspd10_mean,none,no,ok,time X Y,"23376,460,442",1,4,dbinfo (measured),aligned,"ALIGNED [0:*, 0:*, 0:*] tile size 4194304","[0:*,0:*,0:*]","23376,442,460",4752808320,4194304,19011233280,4063966.0709705004,4678,19011233280,19011233280,1.0,"ok,PAD,PAD","1,2,1",2,1,19011233280,203320.0,2,38022466560,46752.0,no,,,,n/a (wildcards derived),,,,,,,era5_4km_daily_wspd10_mean,petascopedb pointer,,"[0:23375,0:459,0:441]",float,nan:nan,match,yes,"[0:23375,0:459,0:441]","marray <float,[D0(*:*),D1(*:*),D2(*:*)]>",ardac/daily_wrf_downscaled_era5/wspd10_mean_ingest.json,,sdom disagrees with DescribeCoverage extent
era5_4km_daily_wspd10_mean_wcs,wcs,no,ok,time X Y,"23376,460,442",1,4,dbinfo (measured),aligned,"ALIGNED [0:*, 0:7, 0:7] TILE SIZE 8388608","[0:*,0:7,0:7]","23376,8,8",1496064,8388608,5984256,3289370.3428421877,7642,25137368160,19011233280,1.3222,"ok,PAD,PAD","1,58,56",2,1,5984256,64.0,3248,19436863488,23899.4,no,,,,n/a (wildcards derived),,,,,,,era5_4km_daily_wspd10_mean_wcs,petascopedb pointer,,"[0:23375,0:459,0:441]",float,nan:nan,match,yes,"[0:23375,0:459,0:441]","marray <float,[D0(*:*),D1(*:*),D2(*:*)]>",ardac/daily_wrf_downscaled_era5/wspd10_mean_ingest_wcs_only.json,,sdom disagrees with DescribeCoverage extent
era5_4km_elevation,none,no,ok,X Y,"460,442",1,4,dbinfo (measured),aligned,"ALIGNED [0:127, 0:127] tile size 65536","[0:127,0:127]","128,128",16384,65536,65536,38727.619047619046,21,813280,813280,1.0,"PAD,PAD","4,4",2,1,65536,16384.0,16,1048576,1.3,no,,,,match,,,,,,,era5_4km_elevation,petascopedb pointer,,"[0:459,0:441]",float,nan:nan,match,yes,"[0:459,0:441]","marray <float,[D0(*:*),D1(*:*)]>",ardac/elevation_grids/elevation_4km_wrf_downscaled_era5.json,,sdom disagrees with DescribeCoverage extent
heating_degree_days_Fdays,none,no,ok,model scenario year X Y,"10,3,150,224,317",1,4,dbinfo (measured),aligned,"ALIGNED [0:*, 0:*, 0:*, 0:*, 0:*] tile size 4194304","[0:*,0:*,0:*,0:*,0:*]","10,3,150,317,224",319536000,4194304,1278144000,3838270.2702702703,333,1278144000,1278144000,1.0,"ok,ok,ok,PAD,PAD","1,1,1,1,2",2,1,1278144000,71008.0,2,2556288000,9000.0,no,,,,n/a (wildcards derived),,,,,,,heating_degree_days_Fdays,petascopedb pointer,,"[0:9,0:2,0:149,0:223,0:316]",long,-9999.000000,match,yes,"[0:9,0:2,0:149,0:223,0:316]","marray <long,[D0(*:*),D1(*:*),D2(*:*),D3(*:*),D4(*:*)]>",arctic_eds/degree_days/heating_degree_days_Fdays/ingest.json,,sdom disagrees with DescribeCoverage extent
hsia_arctic_production,none,no,ok,ansi X Y,"2112,570,573",1,1,dbinfo (measured),aligned,,"[0:0,0:13099,0:299]","1,13100,300",3930000,3930000,3930000,163189.0986515259,4227,689800320,689800320,1.0,"ok,PAD,PAD","2112,1,2",2,2112,8300160000,3930000.0,2,7860000,24.1,n/a (default tiling),,,,,,,,,,,hsia_arctic_production,petascopedb pointer,,"[0:2111,0:569,0:572]",char,120.000000,match,yes,"[0:2111,0:569,0:572]","marray <char,[D0(*:*),D1(*:*),D2(*:*)]>",hsiaa/hsia_ingest_arctic.json,,
hydro_dh3_test,none,yes,ok,lc era model scenario geom_id,"2,13,5,4,109951",1,8,dbinfo (measured),aligned,,"[0:*,0:*,0:*,0:*,0:*]","2,4,13,5,109951",57174520,4194304,457396160,3465122.4242424243,132,457396160,457396160,1.0,"ok,PAD,PAD,PAD,ok","1,4,1,1,1",3,,,,,,,no,,,,,,,,,,,hydro_dh3_test,petascopedb pointer,,"[0:1,0:12,0:4,0:3,0:109950]",double,-9999.000000,match,yes,"[0:1,0:12,0:4,0:3,0:109950]","marray <double,[D0(*:*),D1(*:*),D2(*:*),D3(*:*),D4(*:*)]>",,,sdom disagrees with DescribeCoverage extent
hydrology,none,no,ok,model scenario month era X Y,"10,2,12,15,224,317",12,48,dbinfo (measured),aligned,"ALIGNED [0:0, 0:0, 0:0, 0:14, 0:223, 0:316] tile size 4260480","[0:0,0:0,0:0,0:14,0:223,0:316]","1,1,1,15,224,317",1065120,4260480,51125760,6361489.0672182,1934,12303119856,12270182400,1.0027,"ok,ok,ok,ok,ok,ok","10,2,12,1,1,1",0,240,12270182400,71008.0,1,51125760,15.0,no,,,,match,,,,,,,hydrology,petascopedb pointer,,"[0:9,0:1,0:11,0:14,0:223,0:316]","evap float, glacier_melt float, iwe float, pcp float, runoff float, sm1 float, sm2 float, sm3 float, snow_melt float, swe float, tmax float, tmin float",,match,yes,"[0:9,0:1,0:11,0:14,0:223,0:316]","marray <struct { float evap, float glacier_melt, float iwe, float pcp, float runoff, float sm1, float sm2, float sm3, float snow_melt, float swe, float tmax, float tmin },[D0(*:*),D1(*:*),D2(*:*),D3(*:*),D4(*:*),D5(*:*)]>",ardac/hydrology/ingest.json,,sdom disagrees with DescribeCoverage extent
iem_ar5_2km_taspr_seasonal,none,no,ok,decade season model scenario varname X Y,"9,4,3,3,2,1995,982",1,4,dbinfo (measured),aligned,,"[0:0,0:0,0:0,0:0,0:0,0:45799,0:23]","1,1,1,1,1,45800,24",1099200,4396800,4396800,190845.757252049,43436,8289576312,5077961280,1.6325,"ok,ok,ok,ok,ok,PAD,PAD","9,4,3,3,2,1,41",2,648,2849126400,1099200.0,41,180268800,23.0,n/a (default tiling),,,,,,,,,,,iem_ar5_2km_taspr_seasonal,petascopedb pointer,,"[0:8,0:3,0:2,0:2,0:1,0:1994,0:981]",float,-339999995214436424907732413799364296704.000000,match,yes,"[0:8,0:3,0:2,0:2,0:1,0:1994,0:981]","marray <float,[D0(*:*),D1(*:*),D2(*:*),D3(*:*),D4(*:*),D5(*:*),D6(*:*)]>",iem/tas_pr_2km/ar5_seasonal_ingest.json,,
iem_cru_2km_taspr_seasonal,none,no,ok,decade season varname X Y,"10,4,2,3218,1186",1,4,dbinfo (measured),aligned,,"[0:0,0:0,0:0,0:58099,0:17]","1,1,1,58100,18",1045800,4183200,4183200,229213.6935717738,8276,1896972528,1221295360,1.5532,"ok,ok,ok,PAD,PAD","10,4,2,1,66",2,80,334656000,1045800.0,66,276091200,18.1,n/a (default tiling),,,,,,,,,,,iem_cru_2km_taspr_seasonal,petascopedb pointer,,"[0:9,0:3,0:1,0:3217,0:1185]",float,-339999995214436424907732413799364296704.000000,match,yes,"[0:9,0:3,0:1,0:3217,0:1185]","marray <float,[D0(*:*),D1(*:*),D2(*:*),D3(*:*),D4(*:*)]>",iem/tas_pr_2km/cru_seasonal_ingest.json,,
iem_cru_2km_taspr_seasonal_baseline_stats,none,no,ok,season varname stat X Y,"4,2,8,1995,982",1,4,dbinfo (measured),aligned,,"[0:0,0:0,0:0,0:45799,0:23]","1,1,1,45800,24",1099200,4396800,4396800,187855.4676416819,2735,513784704,501527040,1.0244,"ok,ok,ok,PAD,PAD","4,2,8,1,41",2,64,281395200,1099200.0,41,180268800,23.0,n/a (default tiling),,,,,,,,,,,iem_cru_2km_taspr_seasonal_baseline_stats,petascopedb pointer,,"[0:3,0:1,0:7,0:1994,0:981]",float,-9999.000000,match,yes,"[0:3,0:1,0:7,0:1994,0:981]","marray <float,[D0(*:*),D1(*:*),D2(*:*),D3(*:*),D4(*:*)]>",iem/tas_pr_2km/cru_seasonal_baseline_ingest.json,,
jan_min_max_mean_temp,none,no,ok,tempstat model scenario year X Y,"3,200,7,4,1849,999",1,4,dbinfo (measured),aligned,,"[0:0,0:0,0:0,0:0,0:44099,0:23]","1,1,1,1,44100,24",1058400,4233600,4233600,175990.5134342168,246423,43368110292,124128547200,0.3494,"ok,ok,ok,ok,PAD,PAD","3,200,7,4,1,42",2,16800,71124480000,1058400.0,42,177811200,24.1,n/a (default tiling),,,,,,,,,,,jan_min_max_mean_temp,petascopedb pointer,,"[0:2,0:199,0:6,0:3,0:1848,0:998]",float,-9999.000000,match,yes,"[0:2,0:199,0:6,0:3,0:1848,0:998]","marray <float,[D0(*:*),D1(*:*),D2(*:*),D3(*:*),D4(*:*),D5(*:*)]>",arctic_eds/jan_july_tas_stats/jan_min_mean_max_tas/hook_ingest.json,,sdom disagrees with DescribeCoverage extent
july_min_max_mean_temp,none,no,ok,tempstat model scenario year X Y,"3,200,7,4,1849,999",1,4,dbinfo (measured),aligned,,"[0:0,0:0,0:0,0:0,0:44099,0:23]","1,1,1,1,44100,24",1058400,4233600,4233600,175990.5134342168,246423,43368110292,124128547200,0.3494,"ok,ok,ok,ok,PAD,PAD","3,200,7,4,1,42",2,16800,71124480000,1058400.0,42,177811200,24.1,n/a (default tiling),,,,,,,,,,,july_min_max_mean_temp,petascopedb pointer,,"[0:2,0:199,0:6,0:3,0:1848,0:998]",float,-9999.000000,match,yes,"[0:2,0:199,0:6,0:3,0:1848,0:998]","marray <float,[D0(*:*),D1(*:*),D2(*:*),D3(*:*),D4(*:*),D5(*:*)]>",arctic_eds/jan_july_tas_stats/july_min_mean_max_tas/hook_ingest.json,,sdom disagrees with DescribeCoverage extent
mean_annual_dtr,none,no,ok,model year X Y,"3,121,198,106",1,4,dbinfo (measured),aligned,,"[0:0,0:0,0:4599,0:223]","1,1,4600,224",1030400,4121600,4121600,83195.67567567568,222,18469440,30474576,0.6061,"ok,ok,PAD,PAD","3,121,1,1",2,363,1496140800,1030400.0,1,4121600,49.1,n/a (default tiling),,,,,,,,,,,mean_annual_dtr,petascopedb pointer,,"[0:2,0:120,0:197,0:105]",float,-9999.000000,match,yes,"[0:2,0:120,0:197,0:105]","marray <float,[D0(*:*),D1(*:*),D2(*:*),D3(*:*)]>",arctic_eds/annual_mean_dtr/ingest.json,,
mean_annual_snowfall_mm,none,no,ok,model scenario decade X Y,"6,4,19,4762,2557",1,4,dbinfo (measured),aligned,,"[0:0,0:0,0:0,0:70699,0:14]","1,1,1,70700,15",1060500,4242000,4242000,283894.6834715138,50779,14415888132,22209815616,0.6491,"ok,ok,ok,PAD,PAD","6,4,19,1,171",2,456,1934352000,1060500.0,171,725382000,14.9,n/a (default tiling),,,,,,,,,,,mean_annual_snowfall_mm,petascopedb pointer,,"[0:5,0:3,0:18,0:4761,0:2556]",float,-9999.000000,match,yes,"[0:5,0:3,0:18,0:4761,0:2556]","marray <float,[D0(*:*),D1(*:*),D2(*:*),D3(*:*),D4(*:*)]>",arctic_eds/annual_mean_snowfall/hook_ingest.json,,
ncar12km_indicators_era_summaries,none,no,ok,indicator era model scenario stat X Y,"11,3,3,3,3,318,224",1,4,dbinfo (measured),aligned,,"[0:0,0:0,0:0,0:0,0:0,0:8191,0:127]","1,1,1,1,1,8192,128",1048576,4194304,4194304,141511.91973244149,598,84624128,253870848,0.3333,"ok,ok,ok,ok,ok,PAD,PAD","11,3,3,3,3,1,2",2,891,3737124864,1048576.0,2,8388608,29.4,n/a (default tiling),,,,,,,,,,,ncar12km_indicators_era_summaries,petascopedb pointer,,"[0:10,0:2,0:2,0:2,0:2,0:317,0:223]",float,-9999.000000,match,yes,"[0:10,0:2,0:2,0:2,0:2,0:317,0:223]","marray <float,[D0(*:*),D1(*:*),D2(*:*),D3(*:*),D4(*:*),D5(*:*),D6(*:*)]>",ardac/ncar12km_indicators/ingest.json,,
piak_collab,none,no,ok,model scenario position season Lat Lon,"30,3,5,3,1520,2288",3,24,dbinfo (measured),aligned,"ALIGNED [0:*, 0:*, 0:*, 0:*, 0:*, 0:*] tile size 4194304","[0:*,0:*,0:*,0:*,0:*,0:*]","30,5,3,3,1520,2288",4694976000,4194304,112679424000,4173002.9230142566,27005,112691943936,112679424000,1.0001,"ok,PAD,PAD,ok,ok,ok","1,1,2,1,1,1",2,2,225358848000,6955520.0,1,112679424000,1350.0,no,,,,n/a (wildcards derived),,,,,,,piak_collab,petascopedb pointer,,"[0:29,0:2,0:4,0:2,0:1519,0:2287]","mean double, delta_pct double, delta_abs double",,match,yes,"[0:29,0:2,0:4,0:2,0:1519,0:2287]","marray <struct { double mean, double delta_pct, double delta_abs },[D0(*:*),D1(*:*),D2(*:*),D3(*:*),D4(*:*),D5(*:*)]>",piak_collab/ingest.json,,sdom disagrees with DescribeCoverage extent
tas_2km_historical,none,no,ok,month year X Y,"12,115,1186,3218",3,12,dbinfo (measured),aligned,"ALIGNED [0:*, 0:*, 0:*, 0:*] tile size 4194304","[0:*,0:*,0:*,0:*]","12,115,3218,1186",5266836240,4194304,63202034880,4162958.9282750445,15183,63206205408,63202034880,1.0001,"ok,ok,PAD,PAD","1,1,1,3",2,1,63202034880,3816548.0,3,189606104640,4140.0,no,,,,n/a (wildcards derived),,,,,,,tas_2km_historical,petascopedb pointer,,"[0:11,0:114,0:1185,0:3217]","tas float, tasmax float, tasmin float",,match,yes,"[0:11,0:114,0:1185,0:3217]","marray <struct { float tas, float tasmax, float tasmin },[D0(*:*),D1(*:*),D2(*:*),D3(*:*)]>",iem/tas_2km_historical/ingest.json,,sdom disagrees with DescribeCoverage extent
tas_2km_historical_wcs,wcs,no,ok,month year X Y,"12,115,1186,3218",3,12,dbinfo (measured),aligned,,"[0:11,0:114,0:31,0:31]","12,115,32,32",1413120,16777216,16957440,863014.1728414721,276311,238460309112,63202034880,3.773,"ok,ok,PAD,PAD","1,1,38,101",2,1,16957440,1024.0,3838,65082654720,1421.1,no,,,,,,,,,,,tas_2km_historical_wcs,petascopedb pointer,,"[0:11,0:114,0:1185,0:3217]","tas float, tasmax float, tasmin float",,match,yes,"[0:11,0:114,0:1185,0:3217]","marray <struct { float tas, float tasmax, float tasmin },[D0(*:*),D1(*:*),D2(*:*),D3(*:*)]>",,,sdom disagrees with DescribeCoverage extent
tas_2km_projected,none,no,ok,model scenario month year X Y,"3,2,12,95,1186,3218",3,12,dbinfo (measured),aligned,"ALIGNED [0:*, 0:*, 0:*, 0:*, 0:*, 0:*] tile size 4194304","[0:*,0:*,0:*,0:*,0:*,0:*]","3,2,12,95,3218,1186",26105188320,4194304,313262259840,4163396.4288979853,75244,313270600896,313262259840,1.0,"ok,ok,ok,ok,PAD,PAD","1,1,1,1,1,3",2,1,313262259840,3816548.0,3,939786779520,20520.0,no,,,,n/a (wildcards derived),,,,,,,tas_2km_projected,petascopedb pointer,,"[0:2,0:1,0:11,0:94,0:1185,0:3217]","tas float, tasmax float, tasmin float",,match,yes,"[0:2,0:1,0:11,0:94,0:1185,0:3217]","marray <struct { float tas, float tasmax, float tasmin },[D0(*:*),D1(*:*),D2(*:*),D3(*:*),D4(*:*),D5(*:*)]>",iem/tas_2km_projected/ingest.json,,sdom disagrees with DescribeCoverage extent
tas_2km_projected_wcs,wcs,no,ok,model scenario month year X Y,"3,2,12,95,1186,3218",3,12,dbinfo (measured),aligned,,"[0:2,0:2,0:11,0:94,0:31,0:31]","3,3,12,95,32,32",10506240,16777216,126074880,544390.9624126997,4265164,2321916734808,313262259840,7.4121,"ok,PAD,ok,ok,PAD,PAD","1,1,1,1,38,101",3,1,126074880,1536.0,3838,483875389440,10565.3,no,,,,,,,,,,,tas_2km_projected_wcs,petascopedb pointer,,"[0:2,0:1,0:11,0:94,0:1185,0:3217]","tas float, tasmax float, tasmin float",,match,yes,"[0:2,0:1,0:11,0:94,0:1185,0:3217]","marray <struct { float tas, float tasmax, float tasmin },[D0(*:*),D1(*:*),D2(*:*),D3(*:*),D4(*:*),D5(*:*)]>",,,sdom disagrees with DescribeCoverage extent
temperature_anomaly_anomalies,none,no,ok,year model scenario lat lon,"13,5,251,1440,158",1,4,dbinfo (measured),aligned,"ALIGNED [0:*, 0:*, 0:*, 0:*, 0:*] tile size 4194304","[0:*,0:*,0:*,0:*,0:*]","251,13,5,158,1440",3711988800,4194304,14847955200,3623741.77430802,4227,15317556480,14847955200,1.0316,"PAD,PAD,PAD,PAD,PAD","1,1,51,10,1",5,51,757245715200,11603520.0,10,148479552000,163150.0,no,,,,n/a (wildcards derived),,,,,,,temperature_anomaly_anomalies_2025_05_19_13_54_47_4707,petascopedb pointer,,"[0:12,0:4,0:250,0:1439,0:157]",float,-9999.000000,match,yes,"[0:12,0:4,0:250,0:1439,0:157]","marray <float,[D0(*:*),D1(*:*),D2(*:*),D3(*:*),D4(*:*)]>",ardac/temperature_anomalies/ingest_anomalies.json,,sdom disagrees with DescribeCoverage extent; collection name differs from coverage id
temperature_anomaly_baselines,none,no,ok,model lat lon,"13,1440,158",1,4,dbinfo (measured),aligned,"ALIGNED [0:*, 0:*, 0:*] tile size 4194304","[0:*,0:*,0:*]","13,158,1440",2957760,4194304,11831040,1971840.0,6,11831040,11831040,1.0,"ok,PAD,PAD","1,10,1",2,1,11831040,227520.0,10,118310400,130.0,no,,,,n/a (wildcards derived),,,,,,,temperature_anomaly_baselines_2025_05_19_13_54_21_674,petascopedb pointer,,"[0:12,0:1439,0:157]",float,-9999.000000,match,yes,"[0:12,0:1439,0:157]","marray <float,[D0(*:*),D1(*:*),D2(*:*)]>",ardac/temperature_anomalies/ingest_baselines.json,,sdom disagrees with DescribeCoverage extent; collection name differs from coverage id
wet_days_per_year,none,no,ok,model year X Y,"3,121,198,106",1,2,dbinfo (measured),aligned,,"[0:0,0:0,0:4599,0:499]","1,1,4600,500",2300000,4600000,4600000,41597.83783783784,222,9234720,15237288,0.6061,"ok,ok,PAD,PAD","3,121,1,1",2,363,1669800000,2300000.0,1,4600000,109.6,n/a (default tiling),,,,,,,,,,,wet_days_per_year,petascopedb pointer,,"[0:2,0:120,0:197,0:105]",short,-9999.000000,match,yes,"[0:2,0:120,0:197,0:105]","marray <short,[D0(*:*),D1(*:*),D2(*:*),D3(*:*)]>",arctic_eds/wet_days_per_year/ingest.json,,
